sample size	iteration	gaussion copula time	time
50000	0	0.5364406108856201	0.0845186710357666
50000	1	0.0763430595397949	0.0766463279724121
50000	2	0.0760126113891601	0.0764014720916748
50000	3	0.0758471488952636	0.076646089553833
50000	4	0.0754981040954589	0.0760459899902343
50000	5	0.075265884399414	0.0775806903839111
50000	6	0.0761940479278564	0.0774281024932861
50000	7	0.0762832164764404	0.0782935619354248
50000	8	0.0762619972229003	0.0769469738006591
50000	9	0.0763180255889892	0.0778193473815918
50000	10	0.0762665271759033	0.0762579441070556
50000	11	0.0757515430450439	0.077233076095581
50000	12	0.0755941867828369	0.0767822265625
50000	13	0.0756874084472656	0.0769391059875488
50000	14	0.0760707855224609	0.0771665573120117
50000	15	0.0753662586212158	0.0762269496917724
50000	16	0.075366735458374	0.0762166976928711
50000	17	0.0756959915161132	0.0767765045166015
50000	18	0.075770616531372	0.076357364654541
50000	19	0.076045274734497	0.0778160095214843
50000	20	0.0764057636260986	0.0778117179870605
50000	21	0.0765299797058105	0.0775814056396484
50000	22	0.0768182277679443	0.0767741203308105
50000	23	0.0758445262908935	0.0771486759185791
50000	24	0.0756449699401855	0.0774352550506591
50000	25	0.0759680271148681	0.0771727561950683
50000	26	0.076078176498413	0.0769503116607666
50000	27	0.0757043361663818	0.0768077373504638
50000	28	0.0763959884643554	0.0763876438140869
50000	29	0.0757727622985839	0.0766212940216064
50000	30	0.0756809711456298	0.0767798423767089
50000	31	0.0758237838745117	0.077202558517456
50000	32	0.0764238834381103	0.0765008926391601
50000	33	0.0762042999267578	0.0834417343139648
50000	34	0.0797879695892334	0.0796732902526855
50000	35	0.0782930850982666	0.0784714221954345
50000	36	0.0780150890350341	0.078801155090332
50000	37	0.0777924060821533	0.078857421875
50000	38	0.0786817073822021	0.0784592628479003
50000	39	0.0778777599334716	0.0769343376159668
50000	40	0.0760097503662109	0.077634572982788
50000	41	0.0767605304718017	0.0767076015472412
50000	42	0.07647705078125	0.0777339935302734
50000	43	0.0762178897857666	0.0768659114837646
50000	44	0.0761880874633789	0.0774908065795898
50000	45	0.0774197578430175	0.0774898529052734
50000	46	0.076495885848999	0.0768074989318847
50000	47	0.0769832134246826	0.0772671699523925
50000	48	0.0758414268493652	0.0769901275634765
50000	49	0.076014757156372	0.0766341686248779
50000	50	0.076209545135498	0.0771129131317138
50000	51	0.0756988525390625	0.0777342319488525
50000	52	0.0762107372283935	0.0762610435485839
50000	53	0.0759804248809814	0.0770022869110107
50000	54	0.0759251117706298	0.0773291587829589
50000	55	0.0759418010711669	0.0771055221557617
50000	56	0.0756819248199462	0.0769002437591552
50000	57	0.0757439136505127	0.0764992237091064
50000	58	0.0759003162384033	0.076589822769165
50000	59	0.0758259296417236	0.0766370296478271
50000	60	0.0759754180908203	0.0838212966918945
50000	61	0.0800795555114746	0.0769064426422119
50000	62	0.075953722000122	0.0767858028411865
50000	63	0.0759451389312744	0.0768980979919433
50000	64	0.0756270885467529	0.0773251056671142
50000	65	0.0757389068603515	0.0771512985229492
50000	66	0.075779914855957	0.0779919624328613
50000	67	0.0757861137390136	0.0770270824432373
50000	68	0.0759003162384033	0.0767364501953125
50000	69	0.0762758255004882	0.0773148536682128
50000	70	0.0774369239807128	0.0790061950683593
50000	71	0.0770299434661865	0.0770545005798339
50000	72	0.0760974884033203	0.076658010482788
50000	73	0.0768437385559082	0.076974868774414
50000	74	0.0756299495697021	0.0767769813537597
50000	75	0.0759427547454834	0.0771775245666503
50000	76	0.0761365890502929	0.0776116847991943
50000	77	0.0760786533355712	0.0769307613372802
50000	78	0.0760455131530761	0.0775899887084961
50000	79	0.0759065151214599	0.0768928527832031
50000	80	0.0761764049530029	0.0776777267456054
50000	81	0.0763401985168457	0.0762288570404052
50000	82	0.0759909152984619	0.0773532390594482
50000	83	0.0765271186828613	0.0768423080444336
50000	84	0.0756769180297851	0.0772151947021484
50000	85	0.0753822326660156	0.076317548751831
50000	86	0.0758924484252929	0.0772242546081543
50000	87	0.0758814811706543	0.0775144100189209
50000	88	0.0761210918426513	0.0766322612762451
50000	89	0.0759074687957763	0.0769004821777343
50000	90	0.07598876953125	0.0786046981811523
50000	91	0.0765202045440673	0.0783329010009765
50000	92	0.076176643371582	0.0775802135467529
50000	93	0.0758683681488037	0.0768687725067138
50000	94	0.0765125751495361	0.0765352249145507
50000	95	0.0758137702941894	0.0772182941436767
50000	96	0.075439453125	0.0776340961456298
50000	97	0.0765395164489746	0.0769243240356445
50000	98	0.0759167671203613	0.0765788555145263
50000	99	0.0756247043609619	0.0773446559906005
55000	0	0.0834784507751464	0.0825402736663818
55000	1	0.0818912982940673	0.0826776027679443
55000	2	0.0819466114044189	0.0834047794342041
55000	3	0.0832941532135009	0.0823338031768798
55000	4	0.0819673538208007	0.0835323333740234
55000	5	0.0821201801300048	0.0833842754364013
55000	6	0.0825064182281494	0.0829148292541503
55000	7	0.0828568935394287	0.0836794376373291
55000	8	0.0817887783050537	0.0828900337219238
55000	9	0.0816483497619628	0.0824315547943115
55000	10	0.082582950592041	0.0828664302825927
55000	11	0.0822155475616455	0.0833737850189209
55000	12	0.0918495655059814	0.0831921100616455
55000	13	0.0825052261352539	0.0835869312286377
55000	14	0.082756757736206	0.0828001499176025
55000	15	0.0817282199859619	0.0827255249023437
55000	16	0.0823230743408203	0.0826621055603027
55000	17	0.0819711685180664	0.0831670761108398
55000	18	0.0820264816284179	0.0835814476013183
55000	19	0.0822021961212158	0.0830991268157959
55000	20	0.0817716121673584	0.0829598903656005
55000	21	0.0827767848968505	0.0843746662139892
55000	22	0.0856623649597168	0.0842785835266113
55000	23	0.0821022987365722	0.0834491252899169
55000	24	0.0820927619934082	0.0833747386932373
55000	25	0.0822854042053222	0.0833473205566406
55000	26	0.0824711322784423	0.0851533412933349
55000	27	0.0835804939270019	0.0829694271087646
55000	28	0.0820503234863281	0.082862377166748
55000	29	0.0827798843383789	0.0841808319091796
55000	30	0.0819358825683593	0.0836918354034423
55000	31	0.0819537639617919	0.0829362869262695
55000	32	0.0820779800415039	0.0828657150268554
55000	33	0.0820050239562988	0.0832700729370117
55000	34	0.0817971229553222	0.08302903175354
55000	35	0.0825650691986084	0.0839612483978271
55000	36	0.0825130939483642	0.0935115814208984
55000	37	0.0821759700775146	0.0833001136779785
55000	38	0.081972599029541	0.0834686756134033
55000	39	0.0825111865997314	0.0845897197723388
55000	40	0.0824224948883056	0.0827925205230712
55000	41	0.0821952819824218	0.0836758613586425
55000	42	0.0834186077117919	0.0886447429656982
55000	43	0.0839807987213134	0.0846984386444091
55000	44	0.0842006206512451	0.0840795040130615
55000	45	0.0823545455932617	0.0837955474853515
55000	46	0.0828030109405517	0.0836753845214843
55000	47	0.082592487335205	0.084179401397705
55000	48	0.0825562477111816	0.0835402011871337
55000	49	0.0826690196990966	0.0842690467834472
55000	50	0.0830936431884765	0.0833017826080322
55000	51	0.0824396610260009	0.0833649635314941
55000	52	0.082489013671875	0.0833806991577148
55000	53	0.0826883316040039	0.0838479995727539
55000	54	0.0819180011749267	0.0830678939819336
55000	55	0.0823171138763427	0.0826153755187988
55000	56	0.0821754932403564	0.0833415985107421
55000	57	0.0824146270751953	0.0836694240570068
55000	58	0.0828652381896972	0.0832476615905761
55000	59	0.0830175876617431	0.0843534469604492
55000	60	0.0826656818389892	0.0945522785186767
55000	61	0.0821776390075683	0.0831007957458496
55000	62	0.0825707912445068	0.0835325717926025
55000	63	0.0828583240509033	0.0831983089447021
55000	64	0.082160472869873	0.0828621387481689
55000	65	0.0824389457702636	0.0839147567749023
55000	66	0.0825347900390625	0.0832805633544921
55000	67	0.0823562145233154	0.0841732025146484
55000	68	0.0830340385437011	0.0835537910461425
55000	69	0.0824997425079345	0.0837705135345459
55000	70	0.082794189453125	0.0831756591796875
55000	71	0.0828478336334228	0.0838840007781982
55000	72	0.0823583602905273	0.0833697319030761
55000	73	0.0845918655395507	0.0838551521301269
55000	74	0.0827770233154296	0.0834064483642578
55000	75	0.087956428527832	0.0833468437194824
55000	76	0.0825312137603759	0.0831687450408935
55000	77	0.0847880840301513	0.0853962898254394
55000	78	0.0827381610870361	0.0836551189422607
55000	79	0.0831263065338134	0.0827364921569824
55000	80	0.0824813842773437	0.0834038257598877
55000	81	0.0832059383392334	0.0840809345245361
55000	82	0.0829126834869384	0.0832562446594238
55000	83	0.0823419094085693	0.0838079452514648
55000	84	0.0842623710632324	0.0940732955932617
55000	85	0.0827913284301757	0.0835673809051513
55000	86	0.0822894573211669	0.083120584487915
55000	87	0.0821118354797363	0.0831897258758544
55000	88	0.0817875862121582	0.08274507522583
55000	89	0.0823280811309814	0.0833122730255127
55000	90	0.0821566581726074	0.0831391811370849
55000	91	0.0838088989257812	0.0827398300170898
55000	92	0.0820226669311523	0.0833935737609863
55000	93	0.0832705497741699	0.0826187133789062
55000	94	0.0819537639617919	0.0824198722839355
55000	95	0.0822832584381103	0.0835278034210205
55000	96	0.0830192565917968	0.0829198360443115
55000	97	0.0815181732177734	0.0832951068878173
55000	98	0.0824904441833496	0.0825741291046142
55000	99	0.0819461345672607	0.0833275318145752
40000	0	0.0596814155578613	0.059798240661621
40000	1	0.0596759319305419	0.0600390434265136
40000	2	0.0595862865447998	0.059800386428833
40000	3	0.0593891143798828	0.0607655048370361
40000	4	0.0616321563720703	0.0696873664855957
40000	5	0.0596210956573486	0.061755895614624
40000	6	0.0590381622314453	0.0607025623321533
40000	7	0.0596780776977539	0.0612475872039794
40000	8	0.0598092079162597	0.0608456134796142
40000	9	0.0596513748168945	0.0605599880218505
40000	10	0.0596120357513427	0.0606200695037841
40000	11	0.0595357418060302	0.0604622364044189
40000	12	0.0680346488952636	0.0603721141815185
40000	13	0.0593981742858886	0.0613069534301757
40000	14	0.0598833560943603	0.0604522228240966
40000	15	0.0595803260803222	0.0598771572113037
40000	16	0.0594666004180908	0.0607156753540039
40000	17	0.0596485137939453	0.0607929229736328
40000	18	0.0599651336669921	0.0605695247650146
40000	19	0.0598704814910888	0.0601975917816162
40000	20	0.0601387023925781	0.0612409114837646
40000	21	0.0596060752868652	0.0632979869842529
40000	22	0.0602128505706787	0.0599195957183837
40000	23	0.0605416297912597	0.0605578422546386
40000	24	0.0592427253723144	0.0606839656829834
40000	25	0.0595557689666748	0.0613188743591308
40000	26	0.059645652770996	0.0601842403411865
40000	27	0.0593864917755126	0.0601797103881835
40000	28	0.0595269203186035	0.0604166984558105
40000	29	0.0599873065948486	0.0601296424865722
40000	30	0.0592930316925048	0.0613746643066406
40000	31	0.0593969821929931	0.0603415966033935
40000	32	0.0602538585662841	0.0616097450256347
40000	33	0.0595622062683105	0.0601136684417724
40000	34	0.0596652030944824	0.0596363544464111
40000	35	0.0592908859252929	0.061685562133789
40000	36	0.0603880882263183	0.0599806308746337
40000	37	0.0595383644104003	0.060983657836914
40000	38	0.0595989227294921	0.0607860088348388
40000	39	0.059800386428833	0.0607664585113525
40000	40	0.0599687099456787	0.0606625080108642
40000	41	0.0593881607055664	0.0603625774383544
40000	42	0.0593619346618652	0.0605340003967285
40000	43	0.0593397617340087	0.0618760585784912
40000	44	0.0595655441284179	0.0606744289398193
40000	45	0.0596990585327148	0.0687282085418701
40000	46	0.0596256256103515	0.0606989860534668
40000	47	0.0594837665557861	0.0599737167358398
40000	48	0.0592761039733886	0.060415506362915
40000	49	0.0589768886566162	0.0596957206726074
40000	50	0.0589871406555175	0.059671401977539
40000	51	0.0594351291656494	0.0601212978363037
40000	52	0.0594820976257324	0.0599215030670166
40000	53	0.0592358112335205	0.0598328113555908
40000	54	0.0594696998596191	0.0605344772338867
40000	55	0.0599656105041503	0.0605771541595459
40000	56	0.059035301208496	0.0604674816131591
40000	57	0.0590946674346923	0.0602412223815918
40000	58	0.0596673488616943	0.0597214698791503
40000	59	0.0592982769012451	0.0594139099121093
40000	60	0.0591466426849365	0.0601372718811035
40000	61	0.0593349933624267	0.0602822303771972
40000	62	0.0595843791961669	0.0606648921966552
40000	63	0.0595488548278808	0.0602045059204101
40000	64	0.0596587657928466	0.0608747005462646
40000	65	0.0595455169677734	0.0602767467498779
40000	66	0.059514045715332	0.0602204799652099
40000	67	0.0595114231109619	0.0598821640014648
40000	68	0.0596153736114501	0.0603382587432861
40000	69	0.0596916675567626	0.0596802234649658
40000	70	0.0592737197875976	0.060331106185913
40000	71	0.059244155883789	0.0609352588653564
40000	72	0.0594830513000488	0.0601553916931152
40000	73	0.059335708618164	0.0604722499847412
40000	74	0.0597527027130126	0.0597984790802001
40000	75	0.0592138767242431	0.0604708194732666
40000	76	0.0588898658752441	0.0602967739105224
40000	77	0.0597591400146484	0.0601632595062255
40000	78	0.0598735809326171	0.0599293708801269
40000	79	0.0589675903320312	0.0599615573883056
40000	80	0.0593297481536865	0.0608823299407959
40000	81	0.0591440200805664	0.0599429607391357
40000	82	0.0593433380126953	0.0599966049194335
40000	83	0.0598149299621582	0.0597937107086181
40000	84	0.0590045452117919	0.0598108768463134
40000	85	0.05904221534729	0.0609221458435058
40000	86	0.0591888427734375	0.0602848529815673
40000	87	0.0598318576812744	0.0608398914337158
40000	88	0.0599925518035888	0.0610055923461914
40000	89	0.0601441860198974	0.0600876808166503
40000	90	0.0598347187042236	0.0599300861358642
40000	91	0.0589661598205566	0.060758352279663
40000	92	0.0592842102050781	0.0602381229400634
40000	93	0.0594947338104248	0.0601444244384765
40000	94	0.059554100036621	0.0603532791137695
40000	95	0.058969497680664	0.0600368976593017
40000	96	0.059199571609497	0.0597460269927978
40000	97	0.0594537258148193	0.0600106716156005
40000	98	0.0587027072906494	0.0605559349060058
40000	99	0.059375524520874	0.0603635311126709
65000	0	0.0996532440185546	0.0994243621826171
65000	1	0.0990290641784668	0.0992708206176757
65000	2	0.0984911918640136	0.099482774734497
65000	3	0.0979819297790527	0.0991911888122558
65000	4	0.0982708930969238	0.0989947319030761
65000	5	0.0979454517364502	0.0988016128540039
65000	6	0.0978767871856689	0.0991961956024169
65000	7	0.0982575416564941	0.1138572692871093
65000	8	0.0981554985046386	0.0987327098846435
65000	9	0.0988619327545166	0.0983872413635253
65000	10	0.0976841449737548	0.0984101295471191
65000	11	0.0980093479156494	0.0990691184997558
65000	12	0.0983033180236816	0.0989530086517334
65000	13	0.0988812446594238	0.098722219467163
65000	14	0.0977277755737304	0.0990161895751953
65000	15	0.0981571674346923	0.0988264083862304
65000	16	0.0987520217895507	0.0994889736175537
65000	17	0.0982255935668945	0.0994110107421875
65000	18	0.0983874797821044	0.0987272262573242
65000	19	0.0982894897460937	0.098790168762207
65000	20	0.0982444286346435	0.0991218090057373
65000	21	0.097987413406372	0.099210500717163
65000	22	0.0984888076782226	0.0987591743469238
65000	23	0.0980525016784668	0.0987672805786132
65000	24	0.0979514122009277	0.0986061096191406
65000	25	0.0979270935058593	0.0981371402740478
65000	26	0.0976243019104003	0.0989179611206054
65000	27	0.0976386070251464	0.0983970165252685
65000	28	0.0973966121673584	0.0986695289611816
65000	29	0.0977957248687744	0.0982997417449951
65000	30	0.0977334976196289	0.0987281799316406
65000	31	0.0977175235748291	0.0991435050964355
65000	32	0.097846508026123	0.0983397960662841
65000	33	0.0982308387756347	0.0991432666778564
65000	34	0.0982077121734619	0.1003768444061279
65000	35	0.0976254940032959	0.0980050563812255
65000	36	0.0978257656097412	0.0993974208831787
65000	37	0.0984930992126464	0.0992412567138671
65000	38	0.0980134010314941	0.0997025966644287
65000	39	0.0989589691162109	0.0996780395507812
65000	40	0.0986762046813964	0.0987541675567627
65000	41	0.0977416038513183	0.0993838310241699
65000	42	0.0979378223419189	0.098794937133789
65000	43	0.0980951786041259	0.0996580123901367
65000	44	0.0975980758666992	0.098834753036499
65000	45	0.0976724624633789	0.0982205867767334
65000	46	0.0969436168670654	0.0980732440948486
65000	47	0.0971560478210449	0.0981271266937255
65000	48	0.0973522663116455	0.0980062484741211
65000	49	0.0970699787139892	0.098438024520874
65000	50	0.0969488620758056	0.0981459617614746
65000	51	0.0977234840393066	0.0983874797821044
65000	52	0.097424030303955	0.0985550880432128
65000	53	0.0978016853332519	0.0985708236694336
65000	54	0.0979559421539306	0.0988976955413818
65000	55	0.0985059738159179	0.0981762409210205
65000	56	0.0970222949981689	0.0991089344024658
65000	57	0.097686767578125	0.0986840724945068
65000	58	0.0974006652832031	0.0986430644989013
65000	59	0.0973374843597412	0.0981471538543701
65000	60	0.0970804691314697	0.0988109111785888
65000	61	0.0974392890930175	0.0984110832214355
65000	62	0.0977261066436767	0.0987780094146728
65000	63	0.0971889495849609	0.0988538265228271
65000	64	0.0980105400085449	0.0996456146240234
65000	65	0.0981013774871826	0.0987522602081298
65000	66	0.0972788333892822	0.0981032848358154
65000	67	0.0974242687225341	0.0989677906036377
65000	68	0.0973286628723144	0.0994119644165039
65000	69	0.0984253883361816	0.0980489253997802
65000	70	0.0974183082580566	0.0986533164978027
65000	71	0.0977563858032226	0.0993719100952148
65000	72	0.0986738204956054	0.0985558032989502
65000	73	0.0973720550537109	0.0983338356018066
65000	74	0.097848892211914	0.099384069442749
65000	75	0.0975110530853271	0.0984833240509033
65000	76	0.0976581573486328	0.0987417697906494
65000	77	0.0974097251892089	0.0991342067718505
65000	78	0.0976128578186035	0.0990500450134277
65000	79	0.0980298519134521	0.0989346504211425
65000	80	0.0983428955078125	0.0986964702606201
65000	81	0.0986819267272949	0.0985286235809326
65000	82	0.0973751544952392	0.1055872440338134
65000	83	0.0975801944732666	0.0982730388641357
65000	84	0.0976002216339111	0.0984804630279541
65000	85	0.0975887775421142	0.0990412235260009
65000	86	0.0974571704864502	0.0980017185211181
65000	87	0.096914529800415	0.0981972217559814
65000	88	0.0972094535827636	0.0974178314208984
65000	89	0.0971245765686035	0.1064763069152832
65000	90	0.0981490612030029	0.0974054336547851
65000	91	0.0972218513488769	0.0981040000915527
65000	92	0.0971839427947998	0.098806619644165
65000	93	0.0975399017333984	0.0978176593780517
65000	94	0.0986623764038086	0.0998821258544921
65000	95	0.0984468460083007	0.0988931655883789
65000	96	0.0990140438079834	0.1000547409057617
65000	97	0.0968897342681884	0.0980262756347656
65000	98	0.0976357460021972	0.0978598594665527
65000	99	0.0969336032867431	0.0987231731414794
45000	0	0.0674126148223877	0.0685386657714843
45000	1	0.0667729377746582	0.0677347183227539
45000	2	0.0679309368133544	0.0673396587371826
45000	3	0.0669062137603759	0.0679554939270019
45000	4	0.0672006607055664	0.0685133934020996
45000	5	0.0662250518798828	0.0674331188201904
45000	6	0.0668845176696777	0.0678226947784423
45000	7	0.0675742626190185	0.0686078071594238
45000	8	0.0673658847808837	0.0673041343688964
45000	9	0.0672533512115478	0.0674035549163818
45000	10	0.0667512416839599	0.0678222179412841
45000	11	0.0676548480987548	0.0675256252288818
45000	12	0.0666971206665039	0.0676853656768798
45000	13	0.0664994716644287	0.0677063465118408
45000	14	0.0673301219940185	0.0682268142700195
45000	15	0.0666723251342773	0.0672149658203125
45000	16	0.0669729709625244	0.067293643951416
45000	17	0.0666267871856689	0.0670254230499267
45000	18	0.0664534568786621	0.0680403709411621
45000	19	0.0671908855438232	0.0673103332519531
45000	20	0.0671656131744384	0.0674819946289062
45000	21	0.0669357776641845	0.0679824352264404
45000	22	0.066638708114624	0.0678393840789794
45000	23	0.0667257308959961	0.0671987533569336
45000	24	0.0663652420043945	0.0671784877777099
45000	25	0.0666072368621826	0.0676372051239013
45000	26	0.0673305988311767	0.0681676864624023
45000	27	0.0672745704650878	0.0675511360168457
45000	28	0.0672776699066162	0.0681595802307128
45000	29	0.0665483474731445	0.0674896240234375
45000	30	0.0669193267822265	0.0678274631500244
45000	31	0.0666949748992919	0.0678741931915283
45000	32	0.0672149658203125	0.067800760269165
45000	33	0.0667817592620849	0.0690186023712158
45000	34	0.0678794384002685	0.0673332214355468
45000	35	0.0666525363922119	0.0680656433105468
45000	36	0.0665781497955322	0.0677039623260498
45000	37	0.0675854682922363	0.0680384635925293
45000	38	0.0664305686950683	0.0671350955963134
45000	39	0.0662841796875	0.0671100616455078
45000	40	0.0663669109344482	0.0674178600311279
45000	41	0.0686216354370117	0.0679948329925537
45000	42	0.0665173530578613	0.0669608116149902
45000	43	0.0666570663452148	0.0680713653564453
45000	44	0.0674192905426025	0.0679266452789306
45000	45	0.0671119689941406	0.0671873092651367
45000	46	0.0671923160552978	0.0679607391357421
45000	47	0.067307710647583	0.0679092407226562
45000	48	0.0663657188415527	0.0681195259094238
45000	49	0.0668106079101562	0.0677871704101562
45000	50	0.0664761066436767	0.067265510559082
45000	51	0.0672485828399658	0.0674099922180175
45000	52	0.066901683807373	0.0680007934570312
45000	53	0.0664858818054199	0.0671782493591308
45000	54	0.0662412643432617	0.0670990943908691
45000	55	0.0664610862731933	0.0680704116821289
45000	56	0.0676631927490234	0.0681536197662353
45000	57	0.0664820671081543	0.0671608448028564
45000	58	0.0664474964141845	0.0672941207885742
45000	59	0.066802978515625	0.0673751831054687
45000	60	0.0663990974426269	0.0670912265777587
45000	61	0.0665192604064941	0.0669796466827392
45000	62	0.0662305355072021	0.0670876502990722
45000	63	0.0682861804962158	0.0680930614471435
45000	64	0.0667691230773925	0.0670850276947021
45000	65	0.0670022964477539	0.068972110748291
45000	66	0.0668239593505859	0.0675179958343505
45000	67	0.0669159889221191	0.0678019523620605
45000	68	0.0669841766357421	0.067821979522705
45000	69	0.0665290355682373	0.0674152374267578
45000	70	0.0667428970336914	0.0687301158905029
45000	71	0.0669701099395752	0.0675280094146728
45000	72	0.0664741992950439	0.0673387050628662
45000	73	0.0663542747497558	0.0682706832885742
45000	74	0.0667858123779296	0.0679190158843994
45000	75	0.0665829181671142	0.0675029754638671
45000	76	0.0669598579406738	0.0675292015075683
45000	77	0.0664799213409423	0.0672085285186767
45000	78	0.0665292739868164	0.0684041976928711
45000	79	0.0670278072357177	0.0679011344909668
45000	80	0.0665829181671142	0.0677466392517089
45000	81	0.06718111038208	0.06719970703125
45000	82	0.0679116249084472	0.0676710605621337
45000	83	0.0662691593170166	0.0670869350433349
45000	84	0.0663542747497558	0.0671851634979248
45000	85	0.066662311553955	0.0681438446044921
45000	86	0.0671949386596679	0.0678403377532959
45000	87	0.066584825515747	0.0673027038574218
45000	88	0.0670728683471679	0.0677003860473632
45000	89	0.0667011737823486	0.0678961277008056
45000	90	0.0673575401306152	0.0679748058319091
45000	91	0.0661604404449462	0.0670738220214843
45000	92	0.0664513111114502	0.0674333572387695
45000	93	0.0670981407165527	0.0679535865783691
45000	94	0.0674872398376464	0.0672979354858398
45000	95	0.0665609836578369	0.0675065517425537
45000	96	0.0665931701660156	0.0675411224365234
45000	97	0.0664873123168945	0.0677001476287841
45000	98	0.0663423538208007	0.0671582221984863
45000	99	0.0665857791900634	0.0667786598205566
15000	0	0.0195209980010986	0.0204534530639648
15000	1	0.0205230712890625	0.0202987194061279
15000	2	0.0199761390686035	0.0203194618225097
15000	3	0.0194337368011474	0.020658254623413
15000	4	0.0197412967681884	0.0202887058258056
15000	5	0.0194501876831054	0.0202569961547851
15000	6	0.0193991661071777	0.0203237533569335
15000	7	0.0196003913879394	0.021073579788208
15000	8	0.0196852684020996	0.0208275318145751
15000	9	0.0196983814239501	0.02069091796875
15000	10	0.0198562145233154	0.0207068920135498
15000	11	0.0196537971496582	0.0204663276672363
15000	12	0.0196290016174316	0.0208289623260498
15000	13	0.0195674896240234	0.0204746723175048
15000	14	0.0197811126708984	0.0206105709075927
15000	15	0.0197687149047851	0.0204043388366699
15000	16	0.0196361541748046	0.0205912590026855
15000	17	0.0203301906585693	0.0203466415405273
15000	18	0.0195715427398681	0.0203063488006591
15000	19	0.0195608139038085	0.0202753543853759
15000	20	0.0196650028228759	0.0203974246978759
15000	21	0.0196766853332519	0.0204155445098876
15000	22	0.0196127891540527	0.0202682018280029
15000	23	0.0196096897125244	0.0207271575927734
15000	24	0.0202765464782714	0.0203075408935546
15000	25	0.0196342468261718	0.0216243267059326
15000	26	0.0196969509124755	0.0202925205230712
15000	27	0.0196363925933837	0.0211181640625
15000	28	0.0198509693145751	0.0214574337005615
15000	29	0.0201115608215332	0.0202727317810058
15000	30	0.0194783210754394	0.0201497077941894
15000	31	0.0194382667541503	0.0208990573883056
15000	32	0.0194928646087646	0.0230491161346435
15000	33	0.0197124481201171	0.0230214595794677
15000	34	0.0206327438354492	0.0231509208679199
15000	35	0.0204064846038818	0.0203521251678466
15000	36	0.0195724964141845	0.0202510356903076
15000	37	0.0200657844543457	0.0202255249023437
15000	38	0.0196232795715332	0.020909309387207
15000	39	0.0201358795166015	0.0204901695251464
15000	40	0.01985764503479	0.0204286575317382
15000	41	0.0196175575256347	0.020641803741455
15000	42	0.0197138786315917	0.0204546451568603
15000	43	0.0202612876892089	0.0203821659088134
15000	44	0.0196855068206787	0.0203313827514648
15000	45	0.0196239948272705	0.020339012145996
15000	46	0.0196199417114257	0.0211329460144042
15000	47	0.0205683708190917	0.0203371047973632
15000	48	0.0196089744567871	0.0203742980957031
15000	49	0.0196638107299804	0.0203008651733398
15000	50	0.0195686817169189	0.0211060047149658
15000	51	0.02032470703125	0.020470380783081
15000	52	0.0196003913879394	0.0204596519470214
15000	53	0.0193989276885986	0.0207903385162353
15000	54	0.0193822383880615	0.0202620029449462
15000	55	0.0194284915924072	0.0202376842498779
15000	56	0.0196890830993652	0.0213706493377685
15000	57	0.0207250118255615	0.022886037826538
15000	58	0.0314068794250488	0.0289943218231201
15000	59	0.021489143371582	0.0203120708465576
15000	60	0.0195744037628173	0.0214185714721679
15000	61	0.0196599960327148	0.0201525688171386
15000	62	0.0197534561157226	0.0203776359558105
15000	63	0.0195817947387695	0.0204501152038574
15000	64	0.0195889472961425	0.0201799869537353
15000	65	0.0195274353027343	0.0238943099975585
15000	66	0.0221788883209228	0.0203220844268798
15000	67	0.0201568603515625	0.0210990905761718
15000	68	0.0194888114929199	0.0212805271148681
15000	69	0.0203509330749511	0.0212256908416748
15000	70	0.0196907520294189	0.0202596187591552
15000	71	0.0222010612487792	0.0220630168914794
15000	72	0.0215077400207519	0.0211226940155029
15000	73	0.019498586654663	0.0214018821716308
15000	74	0.0194296836853027	0.0206081867218017
15000	75	0.0214183330535888	0.0246343612670898
15000	76	0.019747257232666	0.02044677734375
15000	77	0.0194907188415527	0.0205781459808349
15000	78	0.0196888446807861	0.0213000774383544
15000	79	0.0200996398925781	0.0202813148498535
15000	80	0.0193798542022705	0.0203886032104492
15000	81	0.0194878578186035	0.0202558040618896
15000	82	0.0196940898895263	0.020092487335205
15000	83	0.0194203853607177	0.0200154781341552
15000	84	0.019413948059082	0.0200097560882568
15000	85	0.0193538665771484	0.0200593471527099
15000	86	0.0194246768951416	0.0201172828674316
15000	87	0.0194082260131835	0.0201666355133056
15000	88	0.0194647312164306	0.0201420783996582
15000	89	0.0194246768951416	0.0201001167297363
15000	90	0.019299030303955	0.0202748775482177
15000	91	0.0195541381835937	0.0201995372772216
15000	92	0.0194182395935058	0.0202322006225585
15000	93	0.0199780464172363	0.0204176902770996
15000	94	0.0196151733398437	0.0204517841339111
15000	95	0.0196759700775146	0.0203118324279785
15000	96	0.0195217132568359	0.0209658145904541
15000	97	0.0204503536224365	0.0203478336334228
15000	98	0.0194776058197021	0.0201122760772705
15000	99	0.0193684101104736	0.0201075077056884
70000	0	0.1089701652526855	0.1070716381072998
70000	1	0.1080324649810791	0.108079195022583
70000	2	0.1181459426879882	0.1073489189147949
70000	3	0.1064331531524658	0.1079094409942627
70000	4	0.1069066524505615	0.1076865196228027
70000	5	0.1065020561218261	0.1080198287963867
70000	6	0.1064851284027099	0.107537031173706
70000	7	0.1073713302612304	0.1073474884033203
70000	8	0.1068530082702636	0.1085803508758544
70000	9	0.1175940036773681	0.1085729598999023
70000	10	0.1072120666503906	0.1090705394744873
70000	11	0.1060218811035156	0.1071875095367431
70000	12	0.1066441535949707	0.1066315174102783
70000	13	0.1064105033874511	0.10695481300354
70000	14	0.1063411235809326	0.1067378520965576
70000	15	0.1057953834533691	0.1075897216796875
70000	16	0.1061375141143798	0.1072335243225097
70000	17	0.1059534549713134	0.106849193572998
70000	18	0.1060876846313476	0.1080009937286377
70000	19	0.1060357093811035	0.1075124740600586
70000	20	0.1063642501831054	0.106717824935913
70000	21	0.106274127960205	0.1071317195892334
70000	22	0.1061427593231201	0.1064145565032959
70000	23	0.1057510375976562	0.1071507930755615
70000	24	0.1056702136993408	0.1063389778137207
70000	25	0.1060016155242919	0.106562852859497
70000	26	0.1062276363372802	0.1064560413360595
70000	27	0.1057279109954834	0.1068291664123535
70000	28	0.10622239112854	0.1072838306427002
70000	29	0.1068592071533203	0.1064944267272949
70000	30	0.1054191589355468	0.1067779064178466
70000	31	0.1057894229888916	0.1063349246978759
70000	32	0.1054813861846923	0.1063277721405029
70000	33	0.1062009334564209	0.1063487529754638
70000	34	0.1055729389190673	0.1070485115051269
70000	35	0.1057136058807373	0.1066744327545166
70000	36	0.1058943271636962	0.1067302227020263
70000	37	0.1057186126708984	0.1072251796722412
70000	38	0.1054306030273437	0.1066489219665527
70000	39	0.1055936813354492	0.10646653175354
70000	40	0.106252908706665	0.1069116592407226
70000	41	0.1068084239959716	0.1073026657104492
70000	42	0.1069872379302978	0.1069593429565429
70000	43	0.1061377525329589	0.1066572666168212
70000	44	0.1061058044433593	0.1065616607666015
70000	45	0.1065244674682617	0.106475830078125
70000	46	0.1056458950042724	0.1079244613647461
70000	47	0.1062488555908203	0.1066503524780273
70000	48	0.1058433055877685	0.1064934730529785
70000	49	0.1056969165802002	0.1062650680541992
70000	50	0.1062538623809814	0.1068155765533447
70000	51	0.1062550544738769	0.1069910526275634
70000	52	0.1064581871032714	0.1081876754760742
70000	53	0.1060595512390136	0.1068894863128662
70000	54	0.1060476303100586	0.1072456836700439
70000	55	0.1062707901000976	0.1065382957458496
70000	56	0.1060638427734375	0.1071703433990478
70000	57	0.1058690547943115	0.1068418025970459
70000	58	0.1065614223480224	0.1145493984222412
70000	59	0.108597993850708	0.107792854309082
70000	60	0.1076669692993164	0.1071770191192627
70000	61	0.1072156429290771	0.1064291000366211
70000	62	0.1067306995391845	0.106492280960083
70000	63	0.1056673526763916	0.1077139377593994
70000	64	0.1064875125885009	0.1063697338104248
70000	65	0.106149673461914	0.1078908443450927
70000	66	0.1061847209930419	0.108253002166748
70000	67	0.1081225872039794	0.1089742183685302
70000	68	0.1086256504058837	0.1090831756591796
70000	69	0.1075081825256347	0.1079204082489013
70000	70	0.1066513061523437	0.1073133945465087
70000	71	0.1064319610595703	0.1076223850250244
70000	72	0.1069498062133789	0.1074264049530029
70000	73	0.1076126098632812	0.1087729930877685
70000	74	0.1073310375213623	0.1065795421600341
70000	75	0.1060967445373535	0.1074030399322509
70000	76	0.1060976982116699	0.1098055839538574
70000	77	0.1071977615356445	0.1069629192352294
70000	78	0.1063697338104248	0.1067953109741211
70000	79	0.1061367988586425	0.1067805290222168
70000	80	0.1064512729644775	0.1068735122680664
70000	81	0.106088638305664	0.1070301532745361
70000	82	0.1062715053558349	0.1070520877838134
70000	83	0.1059470176696777	0.1065735816955566
70000	84	0.1060225963592529	0.106652021408081
70000	85	0.1058869361877441	0.106802225112915
70000	86	0.106201171875	0.1069974899291992
70000	87	0.1055419445037841	0.1068131923675537
70000	88	0.1065011024475097	0.1071977615356445
70000	89	0.1056325435638427	0.1068081855773925
70000	90	0.1059062480926513	0.106839895248413
70000	91	0.1066808700561523	0.1064891815185546
70000	92	0.1057713031768798	0.1066453456878662
70000	93	0.1057744026184082	0.1065897941589355
70000	94	0.1063625812530517	0.1065959930419921
70000	95	0.1058716773986816	0.1079754829406738
70000	96	0.1057164669036865	0.1155955791473388
70000	97	0.1061384677886962	0.1080765724182128
70000	98	0.1058473587036132	0.1072909832000732
70000	99	0.1065802574157714	0.1067922115325927
100000	0	0.1624312400817871	0.1608545780181884
100000	1	0.1602101325988769	0.1617562770843505
100000	2	0.1604747772216797	0.1605205535888672
100000	3	0.1603889465332031	0.1607522964477539
100000	4	0.159698486328125	0.1608457565307617
100000	5	0.160104751586914	0.1624298095703125
100000	6	0.1602227687835693	0.1605198383331298
100000	7	0.1603176593780517	0.160574197769165
100000	8	0.160043716430664	0.160531997680664
100000	9	0.1597204208374023	0.1630971431732177
100000	10	0.1593189239501953	0.1606254577636718
100000	11	0.1605100631713867	0.1621627807617187
100000	12	0.1601612567901611	0.1610538959503173
100000	13	0.1606552600860595	0.1601307392120361
100000	14	0.1601684093475341	0.1615664958953857
100000	15	0.1599185466766357	0.1603169441223144
100000	16	0.1595957279205322	0.1608662605285644
100000	17	0.1597814559936523	0.1607875823974609
100000	18	0.1597459316253662	0.1600780487060547
100000	19	0.1596846580505371	0.1611087322235107
100000	20	0.1600735187530517	0.1611244678497314
100000	21	0.1598787307739257	0.1610021591186523
100000	22	0.1603953838348388	0.1607217788696289
100000	23	0.1597661972045898	0.1621894836425781
100000	24	0.1596853733062744	0.1612615585327148
100000	25	0.1598422527313232	0.1606063842773437
100000	26	0.1605727672576904	0.1610302925109863
100000	27	0.159938097000122	0.1610040664672851
100000	28	0.1601395606994629	0.1606090068817138
100000	29	0.1596858501434326	0.160884141921997
100000	30	0.1609566211700439	0.1609783172607422
100000	31	0.1596837043762207	0.1610579490661621
100000	32	0.1607325077056884	0.1605329513549804
100000	33	0.1596636772155761	0.1612687110900879
100000	34	0.1598134040832519	0.1610913276672363
100000	35	0.1597256660461425	0.1599383354187011
100000	36	0.1606862545013427	0.1606659889221191
100000	37	0.1596424579620361	0.1604726314544677
100000	38	0.1595799922943115	0.1609570980072021
100000	39	0.1595244407653808	0.1622304916381836
100000	40	0.160454511642456	0.1605758666992187
100000	41	0.159653902053833	0.1609365940093994
100000	42	0.1598098278045654	0.161022663116455
100000	43	0.1598026752471923	0.1615121364593505
100000	44	0.1602246761322021	0.1611485481262207
100000	45	0.1603336334228515	0.1619246006011963
100000	46	0.1605172157287597	0.1607630252838134
100000	47	0.1602230072021484	0.1609501838684082
100000	48	0.1605260372161865	0.161975622177124
100000	49	0.1599516868591308	0.1613783836364746
100000	50	0.1605720520019531	0.1605715751647949
100000	51	0.1594862937927246	0.1611340045928955
100000	52	0.1598520278930664	0.1610512733459472
100000	53	0.1605408191680908	0.1632421016693115
100000	54	0.1602804660797119	0.1614377498626709
100000	55	0.1613087654113769	0.1615445613861084
100000	56	0.1607086658477783	0.1626427173614502
100000	57	0.1606309413909912	0.1626348495483398
100000	58	0.1605105400085449	0.1611149311065673
100000	59	0.1603291034698486	0.1607799530029297
100000	60	0.1600761413574218	0.1617324352264404
100000	61	0.1620726585388183	0.1612870693206787
100000	62	0.1592319011688232	0.1615047454833984
100000	63	0.1605665683746338	0.1617302894592285
100000	64	0.1607434749603271	0.1609070301055908
100000	65	0.1602499485015869	0.1610784530639648
100000	66	0.1601452827453613	0.1605534553527832
100000	67	0.1609377861022949	0.1616280078887939
100000	68	0.1604704856872558	0.1616199016571045
100000	69	0.159731388092041	0.1619918346405029
100000	70	0.1605949401855468	0.1621749401092529
100000	71	0.1595280170440673	0.1607849597930908
100000	72	0.1600809097290039	0.1616535186767578
100000	73	0.1599667072296142	0.1611237525939941
100000	74	0.1603691577911377	0.1619236469268798
100000	75	0.1602349281311035	0.1612064838409423
100000	76	0.1616690158843994	0.1631228923797607
100000	77	0.160121202468872	0.1601843833923339
100000	78	0.163057804107666	0.1613991260528564
100000	79	0.160487413406372	0.1613378524780273
100000	80	0.1596662998199463	0.1607334613800048
100000	81	0.1597745418548584	0.1610748767852783
100000	82	0.1600480079650879	0.1608130931854248
100000	83	0.1597743034362793	0.1625950336456298
100000	84	0.1618342399597168	0.160304307937622
100000	85	0.1706788539886474	0.1613783836364746
100000	86	0.1607825756072998	0.1606135368347168
100000	87	0.15999436378479	0.1607639789581298
100000	88	0.1604549884796142	0.162287950515747
100000	89	0.1607623100280761	0.1605603694915771
100000	90	0.1596124172210693	0.1604962348937988
100000	91	0.1599462032318115	0.1608853340148925
100000	92	0.1615407466888427	0.1607964038848877
100000	93	0.1604437828063964	0.1612601280212402
100000	94	0.1611037254333496	0.1613764762878418
100000	95	0.1602497100830078	0.1610877513885498
100000	96	0.1607649326324463	0.1610143184661865
100000	97	0.1602475643157959	0.1717331409454345
100000	98	0.1603734493255615	0.160978078842163
100000	99	0.1603374481201172	0.1610822677612304
80000	0	0.1246099472045898	0.1266126632690429
80000	1	0.1257548332214355	0.1259138584136963
80000	2	0.1251454353332519	0.1257863044738769
80000	3	0.1249151229858398	0.1255669593811035
80000	4	0.1248650550842285	0.1257140636444091
80000	5	0.1245250701904296	0.1259093284606933
80000	6	0.1244204044342041	0.1260952949523925
80000	7	0.1250185966491699	0.12614107131958
80000	8	0.1249663829803466	0.1256043910980224
80000	9	0.1258442401885986	0.127577543258667
80000	10	0.1248714923858642	0.1252884864807129
80000	11	0.1249594688415527	0.1258800029754638
80000	12	0.1249635219573974	0.1252033710479736
80000	13	0.125399112701416	0.1275942325592041
80000	14	0.1258959770202636	0.1264925003051757
80000	15	0.1253001689910888	0.1263530254364013
80000	16	0.1249897480010986	0.1263880729675293
80000	17	0.1253533363342285	0.1256954669952392
80000	18	0.1247463226318359	0.1253700256347656
80000	19	0.1247045993804931	0.1256406307220459
80000	20	0.124971866607666	0.1261706352233886
80000	21	0.1250422000885009	0.1262698173522949
80000	22	0.124509572982788	0.1256084442138672
80000	23	0.1246945858001709	0.1261377334594726
80000	24	0.1250472068786621	0.1252388954162597
80000	25	0.1252455711364746	0.1260225772857666
80000	26	0.1250560283660888	0.1259214878082275
80000	27	0.1243653297424316	0.125525951385498
80000	28	0.1248605251312255	0.1260099411010742
80000	29	0.125173807144165	0.127650499343872
80000	30	0.1250247955322265	0.126213788986206
80000	31	0.1253437995910644	0.1256139278411865
80000	32	0.1250863075256347	0.1257202625274658
80000	33	0.1247680187225341	0.1263530254364013
80000	34	0.125385046005249	0.1254644393920898
80000	35	0.1247017383575439	0.124997854232788
80000	36	0.1245415210723877	0.1259162425994873
80000	37	0.1248326301574707	0.1260781288146972
80000	38	0.1250267028808593	0.1259369850158691
80000	39	0.1249153614044189	0.1262364387512207
80000	40	0.12424898147583	0.124638557434082
80000	41	0.1238422393798828	0.1247117519378662
80000	42	0.1245999336242675	0.1245970726013183
80000	43	0.1237077713012695	0.1246933937072753
80000	44	0.1237335205078125	0.1242008209228515
80000	45	0.1239252090454101	0.1260113716125488
80000	46	0.1239681243896484	0.1251904964447021
80000	47	0.1243283748626709	0.1246159076690673
80000	48	0.1236600875854492	0.1247389316558837
80000	49	0.1235888004302978	0.1256124973297119
80000	50	0.1237199306488037	0.124359130859375
80000	51	0.1238837242126464	0.1244020462036132
80000	52	0.1239335536956787	0.1246213912963867
80000	53	0.1239945888519287	0.1264710426330566
80000	54	0.1237998008728027	0.1249032020568847
80000	55	0.1238331794738769	0.1258158683776855
80000	56	0.1255967617034912	0.1254539489746093
80000	57	0.1238417625427246	0.125690221786499
80000	58	0.1238870620727539	0.1251423358917236
80000	59	0.1238367557525634	0.1254942417144775
80000	60	0.1253573894500732	0.1245193481445312
80000	61	0.1354658603668213	0.1248040199279785
80000	62	0.1242735385894775	0.1248128414154052
80000	63	0.1235914230346679	0.1244475841522216
80000	64	0.1238095760345459	0.1246845722198486
80000	65	0.12384033203125	0.1247169971466064
80000	66	0.1242837905883789	0.1246521472930908
80000	67	0.1249139308929443	0.1251025199890136
80000	68	0.1241223812103271	0.1253054141998291
80000	69	0.1248064041137695	0.125417947769165
80000	70	0.1243112087249755	0.1248741149902343
80000	71	0.1244282722473144	0.1254246234893798
80000	72	0.1237108707427978	0.1255710124969482
80000	73	0.1247191429138183	0.1253666877746582
80000	74	0.1251566410064697	0.1269128322601318
80000	75	0.1249346733093261	0.124612808227539
80000	76	0.1236941814422607	0.1246123313903808
80000	77	0.123746633529663	0.1333620548248291
80000	78	0.1242907047271728	0.1244566440582275
80000	79	0.1237432956695556	0.1243734359741211
80000	80	0.1238596439361572	0.1243758201599121
80000	81	0.1239950656890869	0.1249563694000244
80000	82	0.124269962310791	0.1250441074371338
80000	83	0.1240949630737304	0.1247851848602294
80000	84	0.1237497329711914	0.1258013248443603
80000	85	0.1251766681671142	0.1246447563171386
80000	86	0.1243290901184082	0.1245563030242919
80000	87	0.1248276233673095	0.1246218681335449
80000	88	0.1241154670715332	0.1249339580535888
80000	89	0.1247859001159668	0.125767707824707
80000	90	0.1244416236877441	0.1250467300415039
80000	91	0.1245007514953613	0.1253454685211181
80000	92	0.1238183975219726	0.12518310546875
80000	93	0.1245214939117431	0.1247851848602294
80000	94	0.1247997283935546	0.1250531673431396
80000	95	0.1240177154541015	0.12489914894104
80000	96	0.1241514682769775	0.1262402534484863
80000	97	0.1244587898254394	0.1249122619628906
80000	98	0.1251940727233886	0.1250450611114502
80000	99	0.1247460842132568	0.1249403953552246
95000	0	0.1458125114440918	0.1452536582946777
95000	1	0.144864797592163	0.1468007564544677
95000	2	0.1446208953857422	0.1459033489227295
95000	3	0.1465997695922851	0.1457109451293945
95000	4	0.1450746059417724	0.1470389366149902
95000	5	0.1461045742034912	0.1454758644104004
95000	6	0.1454570293426513	0.1458404064178466
95000	7	0.1444816589355468	0.1468803882598877
95000	8	0.1575062274932861	0.1461186408996582
95000	9	0.1442286968231201	0.1450660228729248
95000	10	0.1443417072296142	0.1459081172943115
95000	11	0.1445491313934326	0.1463103294372558
95000	12	0.144843578338623	0.1451790332794189
95000	13	0.1444253921508789	0.145465612411499
95000	14	0.143918752670288	0.1449372768402099
95000	15	0.1442935466766357	0.1462702751159668
95000	16	0.1443524360656738	0.1450750827789306
95000	17	0.1443531513214111	0.1452794075012207
95000	18	0.144606351852417	0.1456878185272216
95000	19	0.1439096927642822	0.1449389457702636
95000	20	0.143665075302124	0.1447062492370605
95000	21	0.1439423561096191	0.1465966701507568
95000	22	0.1565878391265869	0.1445684432983398
95000	23	0.1440491676330566	0.1449785232543945
95000	24	0.1436865329742431	0.1443212032318115
95000	25	0.1447131633758545	0.1452808380126953
95000	26	0.1441929340362548	0.1458592414855957
95000	27	0.1438007354736328	0.1443264484405517
95000	28	0.1431336402893066	0.1446814537048339
95000	29	0.1443116664886474	0.1446325778961181
95000	30	0.1437909603118896	0.1446795463562011
95000	31	0.1435911655426025	0.1445598602294922
95000	32	0.1438736915588379	0.1453456878662109
95000	33	0.1437149047851562	0.1446762084960937
95000	34	0.1439039707183838	0.1450612545013427
95000	35	0.1441807746887207	0.1578960418701172
95000	36	0.1446230411529541	0.1445136070251464
95000	37	0.1436400413513183	0.1454200744628906
95000	38	0.1434955596923828	0.1445097923278808
95000	39	0.143822431564331	0.1455123424530029
95000	40	0.1440701484680175	0.1446084976196289
95000	41	0.1438169479370117	0.1448004245758056
95000	42	0.1444129943847656	0.1452069282531738
95000	43	0.1443066596984863	0.1444106101989746
95000	44	0.1447038650512695	0.14561128616333
95000	45	0.1440353393554687	0.1452546119689941
95000	46	0.1436009407043457	0.1454505920410156
95000	47	0.1436378955841064	0.1441214084625244
95000	48	0.1440145969390869	0.1442282199859619
95000	49	0.1436281204223632	0.1552639007568359
95000	50	0.1441695690155029	0.1447610855102539
95000	51	0.1436283588409423	0.1444923877716064
95000	52	0.1431286334991455	0.1446881294250488
95000	53	0.1448385715484619	0.1456210613250732
95000	54	0.1443493366241455	0.1446731090545654
95000	55	0.1438827514648437	0.1457400321960449
95000	56	0.1445693969726562	0.1446466445922851
95000	57	0.1438591480255127	0.1443560123443603
95000	58	0.143857717514038	0.1448338031768798
95000	59	0.143411636352539	0.1451964378356933
95000	60	0.1438663005828857	0.1455094814300537
95000	61	0.1440463066101074	0.1450347900390625
95000	62	0.1437456607818603	0.1450178623199463
95000	63	0.1438543796539306	0.1453468799591064
95000	64	0.1441328525543213	0.1442751884460449
95000	65	0.1444246768951416	0.1450188159942627
95000	66	0.1441133022308349	0.1449975967407226
95000	67	0.1444540023803711	0.145681619644165
95000	68	0.1440100669860839	0.1446397304534912
95000	69	0.1436183452606201	0.144066572189331
95000	70	0.1435003280639648	0.1446390151977539
95000	71	0.1436076164245605	0.1445236206054687
95000	72	0.143784761428833	0.14469575881958
95000	73	0.1446266174316406	0.1442091464996338
95000	74	0.144294261932373	0.1456475257873535
95000	75	0.1432013511657714	0.144805908203125
95000	76	0.1437973976135254	0.1449666023254394
95000	77	0.1454329490661621	0.1450464725494384
95000	78	0.14382004737854	0.145167589187622
95000	79	0.1434299945831298	0.1450710296630859
95000	80	0.1434381008148193	0.1443274021148681
95000	81	0.1445558071136474	0.1451351642608642
95000	82	0.1435697078704834	0.144822359085083
95000	83	0.1441864967346191	0.1448726654052734
95000	84	0.1444833278656005	0.1456482410430908
95000	85	0.1445019245147705	0.1449682712554931
95000	86	0.1437535285949707	0.1453211307525634
95000	87	0.1444363594055175	0.1449694633483886
95000	88	0.144646406173706	0.1450774669647216
95000	89	0.1434452533721923	0.1446166038513183
95000	90	0.143629789352417	0.1444809436798095
95000	91	0.1439030170440673	0.1554250717163086
95000	92	0.1437313556671142	0.1444509029388427
95000	93	0.1445035934448242	0.1458759307861328
95000	94	0.1443772315979004	0.146207571029663
95000	95	0.1439371109008789	0.1448645591735839
95000	96	0.1440036296844482	0.1446611881256103
95000	97	0.1433589458465576	0.1444919109344482
95000	98	0.1433863639831543	0.1454627513885498
95000	99	0.1433901786804199	0.1443665027618408
25000	0	0.0336010456085205	0.0346682071685791
25000	1	0.0335662364959716	0.0346701145172119
25000	2	0.0337703227996826	0.0343964099884033
25000	3	0.0337598323822021	0.0344841480255126
25000	4	0.0336139202117919	0.0343475341796875
25000	5	0.0336208343505859	0.0342814922332763
25000	6	0.0335946083068847	0.0345354080200195
25000	7	0.0334413051605224	0.0346908569335937
25000	8	0.0335664749145507	0.0350739955902099
25000	9	0.0334765911102294	0.0342884063720703
25000	10	0.033419132232666	0.0343410968780517
25000	11	0.0339045524597168	0.0345926284790039
25000	12	0.0334184169769287	0.0341689586639404
25000	13	0.0334184169769287	0.0339620113372802
25000	14	0.0336158275604248	0.034470796585083
25000	15	0.0334186553955078	0.034247875213623
25000	16	0.0336065292358398	0.0353047847747802
25000	17	0.0335876941680908	0.0340931415557861
25000	18	0.0334410667419433	0.0341489315032959
25000	19	0.0335493087768554	0.0341293811798095
25000	20	0.0333127975463867	0.034151554107666
25000	21	0.0335047245025634	0.0340337753295898
25000	22	0.0334086418151855	0.0341088771820068
25000	23	0.0341439247131347	0.0357627868652343
25000	24	0.0412294864654541	0.0348083972930908
25000	25	0.0335192680358886	0.0344388484954834
25000	26	0.033923864364624	0.0342915058135986
25000	27	0.033747911453247	0.0345420837402343
25000	28	0.0338180065155029	0.0346953868865966
25000	29	0.0339090824127197	0.0342891216278076
25000	30	0.0335774421691894	0.0346300601959228
25000	31	0.0333905220031738	0.0341670513153076
25000	32	0.0338444709777832	0.0342185497283935
25000	33	0.0333993434906005	0.0345594882965087
25000	34	0.0333907604217529	0.0340900421142578
25000	35	0.0334229469299316	0.0340116024017334
25000	36	0.0335035324096679	0.0345969200134277
25000	37	0.0334372520446777	0.0345294475555419
25000	38	0.0339505672454834	0.0344805717468261
25000	39	0.0336878299713134	0.0346138477325439
25000	40	0.0335464477539062	0.0349388122558593
25000	41	0.0335721969604492	0.0342664718627929
25000	42	0.033431053161621	0.0341334342956543
25000	43	0.0333597660064697	0.0340673923492431
25000	44	0.0334944725036621	0.0340652465820312
25000	45	0.0333149433135986	0.0341577529907226
25000	46	0.0334692001342773	0.0342528820037841
25000	47	0.0336873531341552	0.0339729785919189
25000	48	0.0333993434906005	0.0345842838287353
25000	49	0.0336694717407226	0.0348505973815918
25000	50	0.0339119434356689	0.0342624187469482
25000	51	0.0337250232696533	0.0343754291534423
25000	52	0.0336904525756835	0.0346498489379882
25000	53	0.0335879325866699	0.0346734523773193
25000	54	0.0339138507843017	0.0342845916748046
25000	55	0.0340313911437988	0.0345966815948486
25000	56	0.0335311889648437	0.0342755317687988
25000	57	0.0337674617767334	0.0341312885284423
25000	58	0.0333714485168457	0.0340564250946044
25000	59	0.0334389209747314	0.0341455936431884
25000	60	0.0332446098327636	0.033994436264038
25000	61	0.0334877967834472	0.0341217517852783
25000	62	0.0334308147430419	0.0342869758605957
25000	63	0.0338532924652099	0.0341558456420898
25000	64	0.0335540771484375	0.0340845584869384
25000	65	0.0335912704467773	0.034238576889038
25000	66	0.033395767211914	0.0342137813568115
25000	67	0.0335853099822998	0.0347578525543212
25000	68	0.0333380699157714	0.0342230796813964
25000	69	0.0333783626556396	0.0342471599578857
25000	70	0.0337488651275634	0.0345396995544433
25000	71	0.0334923267364501	0.034189224243164
25000	72	0.0332822799682617	0.0343611240386962
25000	73	0.0333974361419677	0.034409761428833
25000	74	0.0338208675384521	0.0343763828277587
25000	75	0.0335140228271484	0.0342776775360107
25000	76	0.0335414409637451	0.0343494415283203
25000	77	0.0336034297943115	0.0341100692749023
25000	78	0.0335175991058349	0.0345356464385986
25000	79	0.0335338115692138	0.0347926616668701
25000	80	0.0337309837341308	0.0344791412353515
25000	81	0.0337018966674804	0.0344593524932861
25000	82	0.0338344573974609	0.0355093479156494
25000	83	0.0433390140533447	0.0353157520294189
25000	84	0.0338482856750488	0.0343835353851318
25000	85	0.0336060523986816	0.0346488952636718
25000	86	0.0335845947265625	0.0346300601959228
25000	87	0.0339839458465576	0.0345129966735839
25000	88	0.0343585014343261	0.0343012809753418
25000	89	0.0335664749145507	0.0342178344726562
25000	90	0.0335474014282226	0.0343983173370361
25000	91	0.033665657043457	0.0342805385589599
25000	92	0.0335280895233154	0.0342099666595459
25000	93	0.0335180759429931	0.034111738204956
25000	94	0.0340077877044677	0.0344645977020263
25000	95	0.0335659980773925	0.0343482494354248
25000	96	0.0334584712982177	0.0345640182495117
25000	97	0.0336027145385742	0.0344085693359375
25000	98	0.0334982872009277	0.0342230796813964
25000	99	0.0333566665649414	0.0346553325653076
35000	0	0.0487143993377685	0.0495431423187255
35000	1	0.0486021041870117	0.0498147010803222
35000	2	0.0485198497772216	0.0496742725372314
35000	3	0.0484790802001953	0.0491409301757812
35000	4	0.0485203266143798	0.0495588779449462
35000	5	0.0486817359924316	0.049617052078247
35000	6	0.0487275123596191	0.0496530532836914
35000	7	0.0484492778778076	0.0496618747711181
35000	8	0.0486106872558593	0.0494847297668457
35000	9	0.0485966205596923	0.0491030216217041
35000	10	0.0485880374908447	0.0490429401397705
35000	11	0.0484533309936523	0.04960298538208
35000	12	0.0484993457794189	0.0496642589569091
35000	13	0.048753023147583	0.0492811203002929
35000	14	0.0490307807922363	0.0494041442871093
35000	15	0.0489532947540283	0.049593448638916
35000	16	0.0490801334381103	0.0495021343231201
35000	17	0.0485012531280517	0.049661636352539
35000	18	0.0487866401672363	0.0495734214782714
35000	19	0.0484998226165771	0.0494663715362548
35000	20	0.0489370822906494	0.0496814250946044
35000	21	0.0485126972198486	0.0495097637176513
35000	22	0.0486066341400146	0.0495302677154541
35000	23	0.0487260818481445	0.0493824481964111
35000	24	0.0484135150909423	0.0494132041931152
35000	25	0.0484116077423095	0.0490455627441406
35000	26	0.0485017299652099	0.0493907928466796
35000	27	0.0485703945159912	0.0498213768005371
35000	28	0.0489416122436523	0.052994966506958
35000	29	0.0573134422302246	0.0492284297943115
35000	30	0.0485050678253173	0.0491774082183837
35000	31	0.0484731197357177	0.049659252166748
35000	32	0.0487403869628906	0.0492238998413085
35000	33	0.0484201908111572	0.0489718914031982
35000	34	0.0483920574188232	0.0491466522216796
35000	35	0.0488820075988769	0.0494081974029541
35000	36	0.0482957363128662	0.0492503643035888
35000	37	0.0482118129730224	0.0490081310272216
35000	38	0.0487232208251953	0.049513816833496
35000	39	0.0483853816986084	0.0494241714477539
35000	40	0.0483033657073974	0.0497126579284668
35000	41	0.048415184020996	0.049112319946289
35000	42	0.0483419895172119	0.0493836402893066
35000	43	0.0486762523651123	0.0492665767669677
35000	44	0.0482141971588134	0.0493049621582031
35000	45	0.0484726428985595	0.0499045848846435
35000	46	0.0483238697052001	0.0491309165954589
35000	47	0.0490593910217285	0.0497736930847168
35000	48	0.0485901832580566	0.0497736930847168
35000	49	0.0484907627105712	0.0501544475555419
35000	50	0.0485250949859619	0.049382209777832
35000	51	0.0485410690307617	0.0499544143676757
35000	52	0.0484921932220459	0.0497827529907226
35000	53	0.0485026836395263	0.0497560501098632
35000	54	0.0484693050384521	0.0498692989349365
35000	55	0.0484652519226074	0.0497832298278808
35000	56	0.0483748912811279	0.0499820709228515
35000	57	0.0486652851104736	0.0495345592498779
35000	58	0.0485713481903076	0.0496678352355957
35000	59	0.0485060214996337	0.0502963066101074
35000	60	0.0485625267028808	0.0495390892028808
35000	61	0.0488815307617187	0.0496888160705566
35000	62	0.0489811897277832	0.0493559837341308
35000	63	0.0486197471618652	0.0492825508117675
35000	64	0.0484106540679931	0.0497746467590332
35000	65	0.0485680103302001	0.0495984554290771
35000	66	0.0488636493682861	0.0497896671295166
35000	67	0.0484907627105712	0.0495758056640625
35000	68	0.0485529899597168	0.049694538116455
35000	69	0.0487337112426757	0.0495717525482177
35000	70	0.0485076904296875	0.0499014854431152
35000	71	0.0485064983367919	0.0495765209197998
35000	72	0.0486307144165039	0.0498194694519043
35000	73	0.048555850982666	0.0497512817382812
35000	74	0.0484795570373535	0.049797773361206
35000	75	0.0485486984252929	0.0496819019317626
35000	76	0.0484676361083984	0.0492355823516845
35000	77	0.0485222339630126	0.0493166446685791
35000	78	0.0482227802276611	0.050196886062622
35000	79	0.0495147705078125	0.0499684810638427
35000	80	0.0486481189727783	0.049485445022583
35000	81	0.0485870838165283	0.0502610206604003
35000	82	0.0488064289093017	0.0497608184814453
35000	83	0.0487263202667236	0.0494825839996337
35000	84	0.0486094951629638	0.049048900604248
35000	85	0.048511266708374	0.0491714477539062
35000	86	0.048851728439331	0.049551248550415
35000	87	0.0489101409912109	0.0497095584869384
35000	88	0.0486390590667724	0.0498390197753906
35000	89	0.0487158298492431	0.0495879650115966
35000	90	0.0486505031585693	0.0494709014892578
35000	91	0.0484325885772705	0.0492997169494628
35000	92	0.0484859943389892	0.0490262508392334
35000	93	0.0483038425445556	0.0489425659179687
35000	94	0.0482997894287109	0.0488955974578857
35000	95	0.0483462810516357	0.0492112636566162
35000	96	0.048224925994873	0.0490388870239257
35000	97	0.0487167835235595	0.0490007400512695
35000	98	0.0484325885772705	0.0490262508392334
35000	99	0.0486173629760742	0.0495004653930664
85000	0	0.1301887035369873	0.1300740242004394
85000	1	0.1286265850067138	0.1291298866271972
85000	2	0.1290044784545898	0.1280868053436279
85000	3	0.1278903484344482	0.1287951469421386
85000	4	0.1280519962310791	0.128392219543457
85000	5	0.1273720264434814	0.1287469863891601
85000	6	0.12864351272583	0.1294417381286621
85000	7	0.1286311149597168	0.1284739971160888
85000	8	0.1279988288879394	0.1286342144012451
85000	9	0.1278047561645507	0.1282711029052734
85000	10	0.1276535987854004	0.1281099319458007
85000	11	0.1276543140411377	0.1280069351196289
85000	12	0.1270835399627685	0.1278662681579589
85000	13	0.1276569366455078	0.1282305717468261
85000	14	0.1273212432861328	0.1282660961151123
85000	15	0.1280601024627685	0.1279768943786621
85000	16	0.1274371147155761	0.1282882690429687
85000	17	0.1268951892852783	0.1278932094573974
85000	18	0.1276004314422607	0.1394243240356445
85000	19	0.1281487941741943	0.1396019458770752
85000	20	0.1283357143402099	0.1295275688171386
85000	21	0.1282582283020019	0.1295135021209716
85000	22	0.1277482509613037	0.1297593116760254
85000	23	0.1279428005218505	0.1288590431213379
85000	24	0.1288528442382812	0.1281838417053222
85000	25	0.1279020309448242	0.1290569305419922
85000	26	0.1274921894073486	0.130042552947998
85000	27	0.1274542808532714	0.1280734539031982
85000	28	0.1273949146270752	0.1281700134277343
85000	29	0.127507209777832	0.1280958652496338
85000	30	0.127284288406372	0.1292493343353271
85000	31	0.1276795864105224	0.1283977031707763
85000	32	0.1276400089263916	0.128101110458374
85000	33	0.1284453868865966	0.1291871070861816
85000	34	0.1279270648956298	0.1291530132293701
85000	35	0.1281020641326904	0.1291491985321045
85000	36	0.1271617412567138	0.128178596496582
85000	37	0.1271991729736328	0.1280989646911621
85000	38	0.127385139465332	0.1282274723052978
85000	39	0.1275498867034912	0.1288964748382568
85000	40	0.1275057792663574	0.1283702850341797
85000	41	0.1272172927856445	0.1285066604614257
85000	42	0.1278076171875	0.1287424564361572
85000	43	0.127669095993042	0.128260850906372
85000	44	0.1275215148925781	0.1288900375366211
85000	45	0.1288235187530517	0.1283676624298095
85000	46	0.1279685497283935	0.1279335021972656
85000	47	0.1281354427337646	0.1291775703430175
85000	48	0.1272568702697754	0.1287262439727783
85000	49	0.1276154518127441	0.1286742687225341
85000	50	0.1280281543731689	0.1284084320068359
85000	51	0.1355948448181152	0.127927541732788
85000	52	0.1272649765014648	0.1282036304473877
85000	53	0.1272828578948974	0.1284048557281494
85000	54	0.1275849342346191	0.1287269592285156
85000	55	0.1282756328582763	0.1290984153747558
85000	56	0.1275272369384765	0.1284892559051513
85000	57	0.1274118423461914	0.1285750865936279
85000	58	0.1278760433197021	0.1282048225402832
85000	59	0.1272234916687011	0.1279881000518798
85000	60	0.1275136470794677	0.1283740997314453
85000	61	0.1274309158325195	0.1285068988800048
85000	62	0.1280198097229004	0.1281452178955078
85000	63	0.1276633739471435	0.1282882690429687
85000	64	0.1285398006439209	0.1290638446807861
85000	65	0.1276915073394775	0.1289923191070556
85000	66	0.1279370784759521	0.1400566101074218
85000	67	0.127570629119873	0.1292088031768798
85000	68	0.128225564956665	0.128002643585205
85000	69	0.1270802021026611	0.1289393901824951
85000	70	0.1273963451385498	0.1288411617279052
85000	71	0.1284997463226318	0.1281659603118896
85000	72	0.1283051967620849	0.128523588180542
85000	73	0.1277732849121093	0.1293461322784423
85000	74	0.1276583671569824	0.1283543109893798
85000	75	0.1276123523712158	0.1279735565185547
85000	76	0.1276464462280273	0.1279921531677246
85000	77	0.1273608207702636	0.1288573741912841
85000	78	0.1273257732391357	0.1282954216003418
85000	79	0.128178596496582	0.1279036998748779
85000	80	0.1272475719451904	0.1279551982879638
85000	81	0.1275429725646972	0.128537893295288
85000	82	0.1271836757659912	0.135850191116333
85000	83	0.1274378299713134	0.1284685134887695
85000	84	0.1279554367065429	0.1284656524658203
85000	85	0.1278016567230224	0.1291334629058838
85000	86	0.1291329860687255	0.1289799213409423
85000	87	0.1280717849731445	0.1303129196166992
85000	88	0.1286292076110839	0.1286790370941162
85000	89	0.1278965473175048	0.1282362937927246
85000	90	0.1282424926757812	0.1287527084350586
85000	91	0.1279397010803222	0.1284887790679931
85000	92	0.1280744075775146	0.1286537647247314
85000	93	0.1281354427337646	0.1296238899230957
85000	94	0.1285743713378906	0.1295981407165527
85000	95	0.1276428699493408	0.1293942928314209
85000	96	0.1284666061401367	0.1293909549713134
85000	97	0.1291589736938476	0.1293232440948486
85000	98	0.1281263828277588	0.128636360168457
85000	99	0.1281313896179199	0.1280200481414795
75000	0	0.1129660606384277	0.1127691268920898
75000	1	0.1121437549591064	0.1132333278656005
75000	2	0.1119005680084228	0.1137254238128662
75000	3	0.11183762550354	0.1134920120239257
75000	4	0.1119577884674072	0.1130549907684326
75000	5	0.1121947765350341	0.1130149364471435
75000	6	0.1114256381988525	0.1132009029388427
75000	7	0.1116459369659423	0.1129324436187744
75000	8	0.1122548580169677	0.1131939888000488
75000	9	0.1125490665435791	0.1135308742523193
75000	10	0.1118483543395996	0.1120834350585937
75000	11	0.1115851402282714	0.1131460666656494
75000	12	0.1116824150085449	0.1121470928192138
75000	13	0.1114425659179687	0.1124634742736816
75000	14	0.1136364936828613	0.1128180027008056
75000	15	0.1127638816833496	0.1238646507263183
75000	16	0.1114308834075927	0.1124231815338134
75000	17	0.1117651462554931	0.1122248172760009
75000	18	0.111703872680664	0.1132605075836181
75000	19	0.1120955944061279	0.1127357482910156
75000	20	0.1124625205993652	0.1137082576751709
75000	21	0.1117720603942871	0.1124663352966308
75000	22	0.1119601726531982	0.1130924224853515
75000	23	0.1119062900543212	0.1123809814453125
75000	24	0.1116049289703369	0.1128301620483398
75000	25	0.1121923923492431	0.1130352020263671
75000	26	0.1123626232147216	0.1124298572540283
75000	27	0.1114928722381591	0.1134402751922607
75000	28	0.1123993396759033	0.1130928993225097
75000	29	0.1119847297668457	0.1131434440612793
75000	30	0.1135501861572265	0.1132178306579589
75000	31	0.112372875213623	0.112398624420166
75000	32	0.1122324466705322	0.1126637458801269
75000	33	0.1119632720947265	0.1123559474945068
75000	34	0.1121888160705566	0.1125853061676025
75000	35	0.1121261119842529	0.1132714748382568
75000	36	0.1126487255096435	0.1133933067321777
75000	37	0.111966848373413	0.1128075122833252
75000	38	0.1119332313537597	0.1131122112274169
75000	39	0.1118435859680175	0.1137089729309082
75000	40	0.112276554107666	0.1128225326538086
75000	41	0.1123456954956054	0.1129922866821289
75000	42	0.1119167804718017	0.112964391708374
75000	43	0.1121180057525634	0.1144464015960693
75000	44	0.1120762825012207	0.1130843162536621
75000	45	0.1120827198028564	0.1130332946777343
75000	46	0.1115233898162841	0.1124975681304931
75000	47	0.1113967895507812	0.1131672859191894
75000	48	0.1123754978179931	0.1123626232147216
75000	49	0.1124384403228759	0.112546682357788
75000	50	0.1147575378417968	0.1125538349151611
75000	51	0.1117408275604248	0.1236064434051513
75000	52	0.1118109226226806	0.1127996444702148
75000	53	0.1117129325866699	0.1129200458526611
75000	54	0.1126856803894043	0.1129326820373535
75000	55	0.111398696899414	0.1126637458801269
75000	56	0.1115138530731201	0.1130392551422119
75000	57	0.1114752292633056	0.1137588024139404
75000	58	0.1124675273895263	0.113537311553955
75000	59	0.1152536869049072	0.1127409934997558
75000	60	0.1116712093353271	0.112194538116455
75000	61	0.1114139556884765	0.1121044158935546
75000	62	0.1114504337310791	0.1123960018157959
75000	63	0.1117963790893554	0.1125800609588623
75000	64	0.1114964485168457	0.1121301651000976
75000	65	0.1121208667755127	0.1134417057037353
75000	66	0.1116914749145507	0.1129369735717773
75000	67	0.1125223636627197	0.1137077808380127
75000	68	0.1120672225952148	0.1123561859130859
75000	69	0.1132073402404785	0.1172103881835937
75000	70	0.113457441329956	0.112919807434082
75000	71	0.1122081279754638	0.1129136085510253
75000	72	0.1118905544281005	0.1124796867370605
75000	73	0.1107985973358154	0.1119732856750488
75000	74	0.1128134727478027	0.1123359203338623
75000	75	0.1117291450500488	0.1122395992279052
75000	76	0.1114048957824707	0.1132607460021972
75000	77	0.1115241050720214	0.1132118701934814
75000	78	0.1121847629547119	0.1115036010742187
75000	79	0.1110146045684814	0.1123087406158447
75000	80	0.1115965843200683	0.1117043495178222
75000	81	0.111638069152832	0.11210298538208
75000	82	0.1112177371978759	0.1129429340362548
75000	83	0.1115171909332275	0.1123034954071044
75000	84	0.11238694190979	0.1121623516082763
75000	85	0.1112053394317627	0.1121826171875
75000	86	0.1110370159149169	0.111849308013916
75000	87	0.1112589836120605	0.1121802330017089
75000	88	0.1110248565673828	0.1123137474060058
75000	89	0.1112775802612304	0.1120772361755371
75000	90	0.1124494075775146	0.1118781566619873
75000	91	0.1111938953399658	0.1126439571380615
75000	92	0.1117806434631347	0.1134908199310302
75000	93	0.111081838607788	0.1148083209991455
75000	94	0.1109592914581298	0.1125128269195556
75000	95	0.1113438606262207	0.1118814945220947
75000	96	0.1115970611572265	0.1118655204772949
75000	97	0.1111922264099121	0.1124558448791503
75000	98	0.1116960048675537	0.1119222640991211
75000	99	0.1117823123931884	0.1118350028991699
10000	0	0.0135655403137207	0.0137014389038085
10000	1	0.0126805305480957	0.0134551525115966
10000	2	0.0126845836639404	0.0135478973388671
10000	3	0.0127527713775634	0.0133910179138183
10000	4	0.0127999782562255	0.0134313106536865
10000	5	0.0127410888671875	0.0133514404296875
10000	6	0.0127394199371337	0.0134816169738769
10000	7	0.0127129554748535	0.0134258270263671
10000	8	0.0127551555633544	0.013765811920166
10000	9	0.0126290321350097	0.0132057666778564
10000	10	0.0125801563262939	0.0132205486297607
10000	11	0.0125994682312011	0.0133581161499023
10000	12	0.0127668380737304	0.0136308670043945
10000	13	0.0126295089721679	0.0132460594177246
10000	14	0.0126070976257324	0.0131983757019042
10000	15	0.0126090049743652	0.013108491897583
10000	16	0.0125086307525634	0.013171911239624
10000	17	0.0125770568847656	0.0132768154144287
10000	18	0.0126707553863525	0.0139746665954589
10000	19	0.0133898258209228	0.0134444236755371
10000	20	0.0126824378967285	0.0134391784667968
10000	21	0.0127649307250976	0.0134878158569335
10000	22	0.0126512050628662	0.0135359764099121
10000	23	0.0126311779022216	0.013439655303955
10000	24	0.0126025676727294	0.0133004188537597
10000	25	0.0125231742858886	0.0133359432220458
10000	26	0.0126316547393798	0.0135426521301269
10000	27	0.0129640102386474	0.0134022235870361
10000	28	0.0127797126770019	0.0134270191192626
10000	29	0.0127136707305908	0.0134460926055908
10000	30	0.0131630897521972	0.0135033130645751
10000	31	0.0125927925109863	0.0134530067443847
10000	32	0.0126032829284667	0.0131769180297851
10000	33	0.0124886035919189	0.0142700672149658
10000	34	0.0131757259368896	0.0133814811706542
10000	35	0.0126538276672363	0.0133445262908935
10000	36	0.0126392841339111	0.0148968696594238
10000	37	0.0127251148223876	0.0133991241455078
10000	38	0.012641429901123	0.013390302658081
10000	39	0.0126445293426513	0.0133218765258789
10000	40	0.0126168727874755	0.0132417678833007
10000	41	0.0125832557678222	0.0137810707092285
10000	42	0.0132319927215576	0.013237714767456
10000	43	0.0126919746398925	0.0133934020996093
10000	44	0.0125868320465087	0.0132205486297607
10000	45	0.0125548839569091	0.0134470462799072
10000	46	0.012660264968872	0.0133821964263916
10000	47	0.0127162933349609	0.0134260654449462
10000	48	0.0127203464508056	0.0134925842285156
10000	49	0.0130519866943359	0.0134360790252685
10000	50	0.0127778053283691	0.0134627819061279
10000	51	0.0128581523895263	0.0134336948394775
10000	52	0.0127387046813964	0.0135226249694824
10000	53	0.0129024982452392	0.0134577751159667
10000	54	0.0127525329589843	0.0134570598602294
10000	55	0.0127127170562744	0.0133652687072753
10000	56	0.0126662254333496	0.0137066841125488
10000	57	0.0133869647979736	0.0134835243225097
10000	58	0.0126314163208007	0.0134475231170654
10000	59	0.0127191543579101	0.0135195255279541
10000	60	0.0129091739654541	0.0136694908142089
10000	61	0.013451337814331	0.014371633529663
10000	62	0.0132412910461425	0.013629674911499
10000	63	0.0127780437469482	0.0135021209716796
10000	64	0.012754201889038	0.013413667678833
10000	65	0.0126607418060302	0.0133285522460937
10000	66	0.0126600265502929	0.0133166313171386
10000	67	0.0126640796661376	0.0134012699127197
10000	68	0.0125970840454101	0.0135235786437988
10000	69	0.0126814842224121	0.0144970417022705
10000	70	0.0133180618286132	0.013474702835083
10000	71	0.0126562118530273	0.0132777690887451
10000	72	0.0125350952148437	0.0137639045715332
10000	73	0.0133891105651855	0.0134837627410888
10000	74	0.0126590728759765	0.0134375095367431
10000	75	0.0127153396606445	0.0133588314056396
10000	76	0.0126245021820068	0.0137939453125
10000	77	0.0132548809051513	0.0133781433105468
10000	78	0.012660264968872	0.0134358406066894
10000	79	0.0127234458923339	0.0134041309356689
10000	80	0.0127625465393066	0.0135879516601562
10000	81	0.0136280059814453	0.0133659839630126
10000	82	0.0126178264617919	0.0134553909301757
10000	83	0.0127296447753906	0.0134956836700439
10000	84	0.0127463340759277	0.0135416984558105
10000	85	0.0127995014190673	0.0143206119537353
10000	86	0.0142912864685058	0.0144295692443847
10000	87	0.0126237869262695	0.0134260654449462
10000	88	0.020618200302124	0.0134525299072265
10000	89	0.0126216411590576	0.0134124755859375
10000	90	0.0126533508300781	0.0136754512786865
10000	91	0.0126528739929199	0.0141215324401855
10000	92	0.0128824710845947	0.0221517086029052
10000	93	0.0174286365509033	0.0137214660644531
10000	94	0.017406940460205	0.0134286880493164
10000	95	0.0126421451568603	0.0132811069488525
10000	96	0.0127360820770263	0.0148413181304931
10000	97	0.0189778804779052	0.0142984390258789
10000	98	0.0132944583892822	0.0134894847869873
10000	99	0.0126957893371582	0.0133628845214843
1000	0	0.0014059543609619	0.0024418830871582
1000	1	0.0013566017150878	0.0021870136260986
1000	2	0.0013093948364257	0.0020904541015625
1000	3	0.0022599697113037	0.002253770828247
1000	4	0.0013961791992187	0.0020253658294677
1000	5	0.0022966861724853	0.002368688583374
1000	6	0.0016026496887207	0.0051207542419433
1000	7	0.0021846294403076	0.0040664672851562
1000	8	0.0026226043701171	0.0043554306030273
1000	9	0.0026850700378417	0.0040304660797119
1000	10	0.002518892288208	0.003758430480957
1000	11	0.0018441677093505	0.0024363994598388
1000	12	0.0013175010681152	0.0021355152130126
1000	13	0.0013432502746582	0.0022099018096923
1000	14	0.0014784336090087	0.0021164417266845
1000	15	0.0013599395751953	0.0021567344665527
1000	16	0.0014200210571289	0.0020308494567871
1000	17	0.0013935565948486	0.0021166801452636
1000	18	0.001429796218872	0.0021514892578125
1000	19	0.0013856887817382	0.0020725727081298
1000	20	0.0013024806976318	0.0019731521606445
1000	21	0.0013124942779541	0.0019700527191162
1000	22	0.0013175010681152	0.0020139217376708
1000	23	0.0014560222625732	0.002063512802124
1000	24	0.0023379325866699	0.0021617412567138
1000	25	0.0014514923095703	0.0020825862884521
1000	26	0.0013468265533447	0.0022034645080566
1000	27	0.001382827758789	0.0021145343780517
1000	28	0.0014009475708007	0.0021479129791259
1000	29	0.001349925994873	0.0021169185638427
1000	30	0.0013735294342041	0.0039410591125488
1000	31	0.0016071796417236	0.0021257400512695
1000	32	0.0014047622680664	0.0021247863769531
1000	33	0.0012342929840087	0.0020496845245361
1000	34	0.0013098716735839	0.0022673606872558
1000	35	0.0014753341674804	0.0019865036010742
1000	36	0.0014259815216064	0.0020289421081542
1000	37	0.0012681484222412	0.0019612312316894
1000	38	0.0013544559478759	0.0020225048065185
1000	39	0.0013110637664794	0.0020043849945068
1000	40	0.0013339519500732	0.0020508766174316
1000	41	0.0013318061828613	0.0020608901977539
1000	42	0.0013344287872314	0.0018975734710693
1000	43	0.0012652873992919	0.0021259784698486
1000	44	0.0014066696166992	0.0023581981658935
1000	45	0.0013964176177978	0.0021150112152099
1000	46	0.0014808177947998	0.0020990371704101
1000	47	0.0014514923095703	0.0027713775634765
1000	48	0.0020749568939208	0.0036003589630126
1000	49	0.0019943714141845	0.0025031566619873
1000	50	0.0014433860778808	0.0019643306732177
1000	51	0.0014083385467529	0.0020136833190917
1000	52	0.0013787746429443	0.0020620822906494
1000	53	0.0014793872833251	0.0021626949310302
1000	54	0.001455545425415	0.0021524429321289
1000	55	0.0012876987457275	0.0022108554840087
1000	56	0.0013730525970458	0.0020475387573242
1000	57	0.0013322830200195	0.0019078254699707
1000	58	0.001406192779541	0.0019724369049072
1000	59	0.0013594627380371	0.0020422935485839
1000	60	0.0013830661773681	0.0020885467529296
1000	61	0.0013694763183593	0.0020322799682617
1000	62	0.0013959407806396	0.0020813941955566
1000	63	0.0012791156768798	0.0020258426666259
1000	64	0.0013830661773681	0.0019454956054687
1000	65	0.0013659000396728	0.0036416053771972
1000	66	0.001779556274414	0.0039682388305664
1000	67	0.0018544197082519	0.0033926963806152
1000	68	0.0017361640930175	0.0025513172149658
1000	69	0.0029160976409912	0.0035879611968994
1000	70	0.0028607845306396	0.0028173923492431
1000	71	0.0021975040435791	0.0031507015228271
1000	72	0.0016613006591796	0.0022985935211181
1000	73	0.0014569759368896	0.0021851062774658
1000	74	0.0013923645019531	0.0030896663665771
1000	75	0.00169038772583	0.0023856163024902
1000	76	0.0013999938964843	0.0029730796813964
1000	77	0.0013735294342041	0.0019986629486083
1000	78	0.0022609233856201	0.0021560192108154
1000	79	0.0013043880462646	0.0021493434906005
1000	80	0.002267837524414	0.0039939880371093
1000	81	0.0018720626831054	0.0038590431213378
1000	82	0.0018742084503173	0.0025503635406494
1000	83	0.00162935256958	0.0030992031097412
1000	84	0.0023887157440185	0.0034101009368896
1000	85	0.0025470256805419	0.0026075839996337
1000	86	0.0018465518951416	0.0032057762145996
1000	87	0.0023343563079833	0.0043296813964843
1000	88	0.0019197463989257	0.0043540000915527
1000	89	0.0024607181549072	0.0058705806732177
1000	90	0.002530813217163	0.0042412281036376
1000	91	0.0018661022186279	0.0030372142791748
1000	92	0.0013473033905029	0.0041933059692382
1000	93	0.0031406879425048	0.0055723190307617
1000	94	0.0025320053100585	0.0035405158996582
1000	95	0.0025515556335449	0.0051226615905761
1000	96	0.0023918151855468	0.0037660598754882
1000	97	0.0024693012237548	0.0039472579956054
1000	98	0.0032241344451904	0.0037119388580322
1000	99	0.0032694339752197	0.0037283897399902
90000	0	0.142406940460205	0.1436560153961181
90000	1	0.1423335075378418	0.1415278911590576
90000	2	0.140995979309082	0.1418838500976562
90000	3	0.141770601272583	0.1433806419372558
90000	4	0.1406619548797607	0.142712116241455
90000	5	0.140749454498291	0.1414687633514404
90000	6	0.1404564380645752	0.1411199569702148
90000	7	0.1413819789886474	0.1416831016540527
90000	8	0.1407070159912109	0.1416840553283691
90000	9	0.1421654224395752	0.1418497562408447
90000	10	0.1412107944488525	0.1419646739959716
90000	11	0.1412978172302246	0.1421225070953369
90000	12	0.1405086517333984	0.1417603492736816
90000	13	0.1413972377777099	0.1416854858398437
90000	14	0.141251802444458	0.1414651870727539
90000	15	0.140690803527832	0.1425123214721679
90000	16	0.1417188644409179	0.1416687965393066
90000	17	0.1410810947418213	0.1425802707672119
90000	18	0.1427257061004638	0.1420331001281738
90000	19	0.1410107612609863	0.1424825191497802
90000	20	0.1417562961578369	0.1430730819702148
90000	21	0.1407618522644043	0.1423821449279785
90000	22	0.1404907703399658	0.1418099403381347
90000	23	0.1406629085540771	0.1414108276367187
90000	24	0.1411271095275879	0.1419672966003418
90000	25	0.1413469314575195	0.1423408985137939
90000	26	0.141611099243164	0.1423463821411132
90000	27	0.1405975818634033	0.1423521041870117
90000	28	0.1405797004699707	0.1410465240478515
90000	29	0.1404082775115966	0.1427867412567138
90000	30	0.1414971351623535	0.1416952610015869
90000	31	0.14141845703125	0.1418375968933105
90000	32	0.1406419277191162	0.1424989700317382
90000	33	0.1410634517669677	0.1430146694183349
90000	34	0.1408121585845947	0.1428864002227783
90000	35	0.1415097713470459	0.1432023048400879
90000	36	0.140491247177124	0.1416018009185791
90000	37	0.1404266357421875	0.141845703125
90000	38	0.1415443420410156	0.1420919895172119
90000	39	0.140918493270874	0.1424131393432617
90000	40	0.1410472393035888	0.1426320075988769
90000	41	0.1411101818084716	0.1423316001892089
90000	42	0.1436700820922851	0.1431090831756591
90000	43	0.1418471336364746	0.142378568649292
90000	44	0.1429080963134765	0.1420087814331054
90000	45	0.1415319442749023	0.1442847251892089
90000	46	0.1411061286926269	0.1431679725646972
90000	47	0.1410093307495117	0.1434431076049804
90000	48	0.1407258510589599	0.1416764259338379
90000	49	0.1419911384582519	0.1519262790679931
90000	50	0.1426038742065429	0.1422450542449951
90000	51	0.1412663459777832	0.1426377296447754
90000	52	0.1406641006469726	0.1445844173431396
90000	53	0.141357421875	0.1422524452209472
90000	54	0.1413002014160156	0.1418969631195068
90000	55	0.1415817737579345	0.1408932209014892
90000	56	0.1400697231292724	0.1413159370422363
90000	57	0.1402528285980224	0.1414699554443359
90000	58	0.1397285461425781	0.1416828632354736
90000	59	0.1403133869171142	0.1413967609405517
90000	60	0.1407914161682129	0.1407973766326904
90000	61	0.1406455039978027	0.1408908367156982
90000	62	0.1412088871002197	0.14168381690979
90000	63	0.1397504806518554	0.1410169601440429
90000	64	0.1514039039611816	0.141446828842163
90000	65	0.1404552459716797	0.1425588130950927
90000	66	0.1405863761901855	0.1408445835113525
90000	67	0.1400003433227539	0.1417739391326904
90000	68	0.1402046680450439	0.1415636539459228
90000	69	0.1407563686370849	0.1409130096435547
90000	70	0.1402490139007568	0.1423320770263672
90000	71	0.1409492492675781	0.1411418914794922
90000	72	0.1400642395019531	0.1421184539794922
90000	73	0.1403629779815673	0.1424589157104492
90000	74	0.1414260864257812	0.1426746845245361
90000	75	0.1419360637664795	0.1420636177062988
90000	76	0.1406066417694091	0.1412413120269775
90000	77	0.1406402587890625	0.1422743797302246
90000	78	0.1502730846405029	0.1470329761505127
90000	79	0.1408517360687255	0.142479658126831
90000	80	0.1408321857452392	0.1424994468688964
90000	81	0.142935037612915	0.1424112319946289
90000	82	0.1408369541168213	0.1418938636779785
90000	83	0.1413154602050781	0.1418256759643554
90000	84	0.1407346725463867	0.1418714523315429
90000	85	0.1420326232910156	0.1415565013885498
90000	86	0.140582799911499	0.1411898136138916
90000	87	0.1406683921813964	0.1421966552734375
90000	88	0.141326904296875	0.1431238651275634
90000	89	0.1410539150238037	0.1421823501586914
90000	90	0.1411340236663818	0.1419694423675537
90000	91	0.1415243148803711	0.1419360637664795
90000	92	0.1410598754882812	0.1420772075653076
90000	93	0.1407475471496582	0.142195463180542
90000	94	0.1414308547973632	0.1420550346374511
90000	95	0.1405637264251709	0.1415317058563232
90000	96	0.140294075012207	0.1416208744049072
90000	97	0.1413085460662841	0.1421575546264648
90000	98	0.1402561664581298	0.1416966915130615
90000	99	0.1409783363342285	0.1425459384918213
60000	0	0.0894598960876464	0.0897459983825683
60000	1	0.0888776779174804	0.0890696048736572
60000	2	0.0882661342620849	0.0890617370605468
60000	3	0.0881752967834472	0.0892226696014404
60000	4	0.0883047580718994	0.0892853736877441
60000	5	0.0901648998260498	0.0896103382110595
60000	6	0.0879437923431396	0.0891718864440918
60000	7	0.0884363651275634	0.089261770248413
60000	8	0.088231086730957	0.0889668464660644
60000	9	0.0884766578674316	0.0898938179016113
60000	10	0.0886435508728027	0.0990476608276367
60000	11	0.0878252983093261	0.0886735916137695
60000	12	0.0879061222076416	0.0891048908233642
60000	13	0.0887165069580078	0.089179515838623
60000	14	0.0894505977630615	0.0893337726593017
60000	15	0.0877106189727783	0.0891542434692382
60000	16	0.0877056121826171	0.089479923248291
60000	17	0.0886945724487304	0.0887010097503662
60000	18	0.0882818698883056	0.0896575450897216
60000	19	0.0881822109222412	0.0891144275665283
60000	20	0.0877833366394043	0.0889391899108886
60000	21	0.0881996154785156	0.0891523361206054
60000	22	0.0883800983428955	0.0892844200134277
60000	23	0.0886371135711669	0.0889806747436523
60000	24	0.0884826183319091	0.0892608165740966
60000	25	0.0879299640655517	0.0895609855651855
60000	26	0.0883071422576904	0.0889563560485839
60000	27	0.0879428386688232	0.0890023708343505
60000	28	0.0883328914642334	0.0888254642486572
60000	29	0.0888428688049316	0.0894520282745361
60000	30	0.0885155200958252	0.089228868484497
60000	31	0.0885565280914306	0.0886969566345214
60000	32	0.0877027511596679	0.0891783237457275
60000	33	0.0950572490692138	0.0899226665496826
60000	34	0.0882062911987304	0.0887041091918945
60000	35	0.0879135131835937	0.0891919136047363
60000	36	0.0882110595703125	0.0895097255706787
60000	37	0.0879108905792236	0.0897655487060546
60000	38	0.0884785652160644	0.0887854099273681
60000	39	0.0885627269744873	0.0897510051727294
60000	40	0.0880956649780273	0.0890254974365234
60000	41	0.0885586738586425	0.089184284210205
60000	42	0.0877509117126464	0.0888314247131347
60000	43	0.0879378318786621	0.0887298583984375
60000	44	0.0881364345550537	0.0898115634918212
60000	45	0.0887167453765869	0.0895631313323974
60000	46	0.0898652076721191	0.0892448425292968
60000	47	0.0882697105407714	0.088926076889038
60000	48	0.0881335735321044	0.0887079238891601
60000	49	0.0878844261169433	0.0893189907073974
60000	50	0.0881288051605224	0.0893268585205078
60000	51	0.0886929035186767	0.0887062549591064
60000	52	0.0880639553070068	0.0894551277160644
60000	53	0.0880937576293945	0.088987112045288
60000	54	0.0886726379394531	0.08968186378479
60000	55	0.0916814804077148	0.0896551609039306
60000	56	0.0883786678314209	0.0896859169006347
60000	57	0.0879104137420654	0.0891168117523193
60000	58	0.0888690948486328	0.0893974304199218
60000	59	0.0879597663879394	0.0890748500823974
60000	60	0.0884621143341064	0.0888652801513671
60000	61	0.0879685878753662	0.0893099308013916
60000	62	0.0882151126861572	0.0895519256591796
60000	63	0.088005781173706	0.089637279510498
60000	64	0.0880677700042724	0.0897440910339355
60000	65	0.0884184837341308	0.0897057056427002
60000	66	0.0886120796203613	0.0889389514923095
60000	67	0.0881280899047851	0.0897068977355957
60000	68	0.0882940292358398	0.0887880325317382
60000	69	0.0885717868804931	0.0896179676055908
60000	70	0.0878517627716064	0.0888557434082031
60000	71	0.0878777503967285	0.0891880989074707
60000	72	0.0903246402740478	0.0887675285339355
60000	73	0.0880069732666015	0.0890824794769287
60000	74	0.0875287055969238	0.0885114669799804
60000	75	0.0886456966400146	0.0887482166290283
60000	76	0.0875136852264404	0.0883543491363525
60000	77	0.0874404907226562	0.0883264541625976
60000	78	0.0876693725585937	0.1006717681884765
60000	79	0.0876479148864746	0.0888082981109619
60000	80	0.087942361831665	0.0892393589019775
60000	81	0.0880484580993652	0.0905730724334716
60000	82	0.0884556770324707	0.0887308120727539
60000	83	0.0876252651214599	0.0887634754180908
60000	84	0.0883758068084716	0.0883691310882568
60000	85	0.0880806446075439	0.0886347293853759
60000	86	0.0880789756774902	0.0888175964355468
60000	87	0.0876035690307617	0.0882883071899414
60000	88	0.0885031223297119	0.0890119075775146
60000	89	0.0881803035736084	0.0904016494750976
60000	90	0.0880398750305175	0.0894970893859863
60000	91	0.0879967212677002	0.0886735916137695
60000	92	0.0876882076263427	0.0884344577789306
60000	93	0.0873868465423584	0.0888099670410156
60000	94	0.0885577201843261	0.0890510082244873
60000	95	0.0874176025390625	0.0882778167724609
60000	96	0.087648868560791	0.0888717174530029
60000	97	0.0875144004821777	0.0887849330902099
60000	98	0.088390827178955	0.0883209705352783
60000	99	0.0880706310272216	0.0884885787963867
5000	0	0.0072705745697021	0.0077002048492431
5000	1	0.0064518451690673	0.007655382156372
5000	2	0.0061786174774169	0.0068967342376708
5000	3	0.0060927867889404	0.0067830085754394
5000	4	0.0060629844665527	0.0067191123962402
5000	5	0.0060617923736572	0.0067942142486572
5000	6	0.0060319900512695	0.0067508220672607
5000	7	0.0060236454010009	0.0068833827972412
5000	8	0.0061302185058593	0.0068633556365966
5000	9	0.0060617923736572	0.0068802833557128
5000	10	0.0061721801757812	0.0066533088684082
5000	11	0.0059788227081298	0.0068423748016357
5000	12	0.0060935020446777	0.0068597793579101
5000	13	0.0061583518981933	0.0067536830902099
5000	14	0.0060405731201171	0.0067691802978515
5000	15	0.0061016082763671	0.0067181587219238
5000	16	0.0060632228851318	0.0067317485809326
5000	17	0.0060286521911621	0.0068342685699462
5000	18	0.006054401397705	0.0067420005798339
5000	19	0.0060846805572509	0.0068559646606445
5000	20	0.0060899257659912	0.0068027973175048
5000	21	0.0076243877410888	0.0097987651824951
5000	22	0.008577823638916	0.0088303089141845
5000	23	0.0059578418731689	0.0066585540771484
5000	24	0.0059723854064941	0.0066828727722167
5000	25	0.0059835910797119	0.0066268444061279
5000	26	0.0059592723846435	0.0066869258880615
5000	27	0.0061120986938476	0.0068202018737792
5000	28	0.0059976577758789	0.0067451000213623
5000	29	0.0060732364654541	0.0069086551666259
5000	30	0.0060417652130126	0.0068047046661376
5000	31	0.006105899810791	0.0068497657775878
5000	32	0.00608491897583	0.0068488121032714
5000	33	0.0061526298522949	0.0068144798278808
5000	34	0.0070941448211669	0.0069200992584228
5000	35	0.0070562362670898	0.007756233215332
5000	36	0.0061728954315185	0.0069155693054199
5000	37	0.0061073303222656	0.0066645145416259
5000	38	0.0060081481933593	0.0067980289459228
5000	39	0.0060603618621826	0.0067808628082275
5000	40	0.0061399936676025	0.0068461894989013
5000	41	0.0061354637145996	0.0068905353546142
5000	42	0.0060436725616455	0.0069432258605957
5000	43	0.006150484085083	0.0083811283111572
5000	44	0.0067601203918457	0.007735252380371
5000	45	0.005997896194458	0.0069353580474853
5000	46	0.0060408115386962	0.0070757865905761
5000	47	0.0062310695648193	0.0069115161895751
5000	48	0.0060367584228515	0.0070099830627441
5000	49	0.006115436553955	0.0068583488464355
5000	50	0.0062973499298095	0.0068883895874023
5000	51	0.0074813365936279	0.0080552101135253
5000	52	0.0068669319152832	0.009033203125
5000	53	0.0071618556976318	0.0077614784240722
5000	54	0.006176471710205	0.0076754093170166
5000	55	0.0082259178161621	0.0074517726898193
5000	56	0.006404161453247	0.0076117515563964
5000	57	0.0061242580413818	0.0068411827087402
5000	58	0.0061185359954833	0.0067889690399169
5000	59	0.0061328411102294	0.0068092346191406
5000	60	0.0060803890228271	0.0068378448486328
5000	61	0.0061864852905273	0.0068128108978271
5000	62	0.0061557292938232	0.0069537162780761
5000	63	0.0060739517211914	0.0067911148071289
5000	64	0.0061345100402832	0.0070090293884277
5000	65	0.0074424743652343	0.007791519165039
5000	66	0.0096328258514404	0.0077416896820068
5000	67	0.0068788528442382	0.0067605972290039
5000	68	0.0061955451965332	0.00687837600708
5000	69	0.0062124729156494	0.0068819522857666
5000	70	0.006115436553955	0.0068776607513427
5000	71	0.0062482357025146	0.0069787502288818
5000	72	0.0061039924621582	0.0067713260650634
5000	73	0.0060675144195556	0.0068311691284179
5000	74	0.0060784816741943	0.0069136619567871
5000	75	0.0064082145690917	0.0077762603759765
5000	76	0.0060689449310302	0.0068261623382568
5000	77	0.0061042308807373	0.0068933963775634
5000	78	0.0061640739440917	0.0067255496978759
5000	79	0.0062265396118164	0.0073227882385253
5000	80	0.0061962604522705	0.0069634914398193
5000	81	0.0064063072204589	0.0078577995300292
5000	82	0.0069670677185058	0.0093183517456054
5000	83	0.006277322769165	0.0070424079895019
5000	84	0.0060880184173583	0.0069198608398437
5000	85	0.0061521530151367	0.0069062709808349
5000	86	0.0061621665954589	0.0077564716339111
5000	87	0.0063426494598388	0.0069003105163574
5000	88	0.0062220096588134	0.0068354606628417
5000	89	0.0061888694763183	0.0067818164825439
5000	90	0.0062236785888671	0.0069472789764404
5000	91	0.0061101913452148	0.0067899227142333
5000	92	0.0061817169189453	0.0068204402923583
5000	93	0.0061016082763671	0.0069680213928222
5000	94	0.0062682628631591	0.0076258182525634
5000	95	0.0061292648315429	0.0069217681884765
5000	96	0.0061204433441162	0.0066876411437988
5000	97	0.0060734748840332	0.0068464279174804
5000	98	0.0062322616577148	0.006850242614746
5000	99	0.0061824321746826	0.0068204402923583
20000	0	0.0271615982055664	0.0274145603179931
20000	1	0.0264577865600585	0.0272979736328125
20000	2	0.0266749858856201	0.0272188186645507
20000	3	0.0266609191894531	0.0276026725769042
20000	4	0.0266001224517822	0.0274348258972167
20000	5	0.0266735553741455	0.0275831222534179
20000	6	0.0272817611694335	0.0270335674285888
20000	7	0.0264322757720947	0.0269584655761718
20000	8	0.0263624191284179	0.0273411273956298
20000	9	0.0262987613677978	0.0270514488220214
20000	10	0.0263833999633789	0.0270075798034667
20000	11	0.0265109539031982	0.0273919105529785
20000	12	0.0263652801513671	0.0270876884460449
20000	13	0.0266594886779785	0.0279672145843505
20000	14	0.0273315906524658	0.0274679660797119
20000	15	0.0268909931182861	0.0274767875671386
20000	16	0.0268201828002929	0.0275413990020751
20000	17	0.0267384052276611	0.0271699428558349
20000	18	0.0266668796539306	0.0274562835693359
20000	19	0.0264673233032226	0.0275065898895263
20000	20	0.0266189575195312	0.0272693634033203
20000	21	0.0265026092529296	0.0273749828338623
20000	22	0.0266590118408203	0.0274443626403808
20000	23	0.0265023708343505	0.0277059078216552
20000	24	0.0263712406158447	0.0271229743957519
20000	25	0.0264675617218017	0.0270047187805175
20000	26	0.0264039039611816	0.026970624923706
20000	27	0.0264427661895751	0.0269978046417236
20000	28	0.026437759399414	0.0273146629333496
20000	29	0.0264594554901123	0.0269184112548828
20000	30	0.0263099670410156	0.0269770622253417
20000	31	0.0263330936431884	0.0268962383270263
20000	32	0.02638840675354	0.0270709991455078
20000	33	0.0263760089874267	0.0273759365081787
20000	34	0.0263397693634033	0.0271346569061279
20000	35	0.0264179706573486	0.027090311050415
20000	36	0.0264019966125488	0.0270922183990478
20000	37	0.0263056755065917	0.0270497798919677
20000	38	0.0262579917907714	0.0287182331085205
20000	39	0.0269732475280761	0.0273194313049316
20000	40	0.0267269611358642	0.0274126529693603
20000	41	0.0273847579956054	0.0275518894195556
20000	42	0.0264735221862792	0.0277025699615478
20000	43	0.0266644954681396	0.0272505283355712
20000	44	0.0266673564910888	0.027421236038208
20000	45	0.0262970924377441	0.0270261764526367
20000	46	0.0266544818878173	0.027806282043457
20000	47	0.0266077518463134	0.0277552604675292
20000	48	0.0266540050506591	0.0276587009429931
20000	49	0.0267980098724365	0.0272357463836669
20000	50	0.0266163349151611	0.0274896621704101
20000	51	0.0266273021697998	0.0272657871246337
20000	52	0.0265774726867675	0.027400255203247
20000	53	0.0271577835083007	0.0274381637573242
20000	54	0.026832103729248	0.0271768569946289
20000	55	0.0267162322998046	0.0273201465606689
20000	56	0.0266680717468261	0.027379035949707
20000	57	0.0264413356781005	0.0271136760711669
20000	58	0.0265536308288574	0.0343573093414306
20000	59	0.0289878845214843	0.0278759002685546
20000	60	0.0266385078430175	0.0275743007659912
20000	61	0.0269644260406494	0.0272955894470214
20000	62	0.0263006687164306	0.0271213054656982
20000	63	0.0265512466430664	0.027109146118164
20000	64	0.0270671844482421	0.0274848937988281
20000	65	0.0266599655151367	0.0274474620819091
20000	66	0.0267624855041503	0.0277323722839355
20000	67	0.0273501873016357	0.0270273685455322
20000	68	0.0266854763031005	0.0275497436523437
20000	69	0.0265600681304931	0.0273334980010986
20000	70	0.0266144275665283	0.0273103713989257
20000	71	0.0266933441162109	0.0270998477935791
20000	72	0.0265741348266601	0.0270800590515136
20000	73	0.026271104812622	0.0270929336547851
20000	74	0.0265669822692871	0.0271952152252197
20000	75	0.0265822410583496	0.0293221473693847
20000	76	0.0268781185150146	0.0273456573486328
20000	77	0.0266363620758056	0.0274751186370849
20000	78	0.0266311168670654	0.0275952816009521
20000	79	0.0264098644256591	0.0275182723999023
20000	80	0.026468276977539	0.0275497436523437
20000	81	0.026691198348999	0.0274786949157714
20000	82	0.026379108428955	0.0273866653442382
20000	83	0.0266220569610595	0.0273396968841552
20000	84	0.026289939880371	0.0277168750762939
20000	85	0.0265827178955078	0.0272972583770751
20000	86	0.0264894962310791	0.0282773971557617
20000	87	0.0263144969940185	0.0272696018218994
20000	88	0.0263874530792236	0.0271010398864746
20000	89	0.0265111923217773	0.0273506641387939
20000	90	0.0268669128417968	0.027503490447998
20000	91	0.0267105102539062	0.0274479389190673
20000	92	0.0264806747436523	0.0270695686340332
20000	93	0.0264129638671875	0.0274467468261718
20000	94	0.026545763015747	0.0272321701049804
20000	95	0.0266950130462646	0.0272812843322753
20000	96	0.0267324447631835	0.0279598236083984
20000	97	0.0272605419158935	0.0274336338043212
20000	98	0.0264267921447753	0.0270526409149169
20000	99	0.0262906551361084	0.0270450115203857
30000	0	0.042759895324707	0.043281078338623
30000	1	0.0413768291473388	0.0422234535217285
30000	2	0.04164719581604	0.0425362586975097
30000	3	0.0412178039550781	0.042452335357666
30000	4	0.0412592887878418	0.0423836708068847
30000	5	0.0416111946105957	0.0420186519622802
30000	6	0.0411746501922607	0.0418059825897216
30000	7	0.0412259101867675	0.0423717498779296
30000	8	0.0414528846740722	0.0422046184539794
30000	9	0.0416831970214843	0.0425472259521484
30000	10	0.0411639213562011	0.0421674251556396
30000	11	0.041306734085083	0.0419259071350097
30000	12	0.0413498878479003	0.0422658920288085
30000	13	0.0413646697998046	0.0420644283294677
30000	14	0.0412509441375732	0.0424585342407226
30000	15	0.0412876605987548	0.0419349670410156
30000	16	0.0412433147430419	0.0420036315917968
30000	17	0.0412170886993408	0.0419216156005859
30000	18	0.0436785221099853	0.0477669239044189
30000	19	0.0411658287048339	0.0419795513153076
30000	20	0.0413019657135009	0.0420432090759277
30000	21	0.0412783622741699	0.0424139499664306
30000	22	0.0413479804992675	0.0419340133666992
30000	23	0.041069746017456	0.0418987274169921
30000	24	0.0415658950805664	0.0425598621368408
30000	25	0.0416321754455566	0.0426201820373535
30000	26	0.0416817665100097	0.042466402053833
30000	27	0.0412547588348388	0.042194128036499
30000	28	0.0414066314697265	0.042189598083496
30000	29	0.0412652492523193	0.0425460338592529
30000	30	0.0417449474334716	0.0426752567291259
30000	31	0.0413038730621337	0.0423982143402099
30000	32	0.0415561199188232	0.0430395603179931
30000	33	0.041689395904541	0.0424909591674804
30000	34	0.0411489009857177	0.0430202484130859
30000	35	0.0418133735656738	0.0422823429107666
30000	36	0.0413053035736084	0.0425899028778076
30000	37	0.0411803722381591	0.0425672531127929
30000	38	0.0414390563964843	0.0426151752471923
30000	39	0.0415260791778564	0.0425951480865478
30000	40	0.0415329933166503	0.042370319366455
30000	41	0.0412831306457519	0.042088508605957
30000	42	0.0415637493133544	0.0423851013183593
30000	43	0.0412900447845459	0.0426697731018066
30000	44	0.0414073467254638	0.0425965785980224
30000	45	0.04158616065979	0.0424296855926513
30000	46	0.0413401126861572	0.042109727859497
30000	47	0.0416433811187744	0.0421502590179443
30000	48	0.0412018299102783	0.0419297218322753
30000	49	0.0413393974304199	0.0423455238342285
30000	50	0.0413515567779541	0.0421583652496337
30000	51	0.0415041446685791	0.0424807071685791
30000	52	0.0421888828277587	0.0430514812469482
30000	53	0.0413641929626464	0.0426712036132812
30000	54	0.0414378643035888	0.0428245067596435
30000	55	0.0427758693695068	0.0422489643096923
30000	56	0.0417189598083496	0.0421910285949707
30000	57	0.0418593883514404	0.0433433055877685
30000	58	0.0423636436462402	0.042323350906372
30000	59	0.0417139530181884	0.042372703552246
30000	60	0.0425341129302978	0.0434961318969726
30000	61	0.0424180030822753	0.0436997413635253
30000	62	0.0419223308563232	0.043943166732788
30000	63	0.0418658256530761	0.0430376529693603
30000	64	0.0420565605163574	0.0429017543792724
30000	65	0.042041540145874	0.0424158573150634
30000	66	0.0418531894683837	0.0423674583435058
30000	67	0.0416755676269531	0.0424344539642334
30000	68	0.0418832302093505	0.0429606437683105
30000	69	0.0416617393493652	0.0428392887115478
30000	70	0.0421955585479736	0.0426640510559082
30000	71	0.0416986942291259	0.0428080558776855
30000	72	0.0426838397979736	0.042428970336914
30000	73	0.041964054107666	0.0427892208099365
30000	74	0.0419552326202392	0.0424890518188476
30000	75	0.0413792133331298	0.0425734519958496
30000	76	0.041644811630249	0.0428051948547363
30000	77	0.0416316986083984	0.0426568984985351
30000	78	0.0419385433197021	0.0423579216003418
30000	79	0.0419733524322509	0.0425455570220947
30000	80	0.0419318675994873	0.0420813560485839
30000	81	0.0417537689208984	0.0427470207214355
30000	82	0.041431188583374	0.042771577835083
30000	83	0.041238784790039	0.0420830249786376
30000	84	0.0418407917022705	0.0426304340362548
30000	85	0.0419623851776123	0.0441536903381347
30000	86	0.0444662570953369	0.0437357425689697
30000	87	0.044248342514038	0.0431160926818847
30000	88	0.04197359085083	0.0425631999969482
30000	89	0.0413939952850341	0.0427579879760742
30000	90	0.0418617725372314	0.042717695236206
30000	91	0.0418348312377929	0.0428359508514404
30000	92	0.0414807796478271	0.0424878597259521
30000	93	0.0425119400024414	0.0425028800964355
30000	94	0.04180908203125	0.0430631637573242
30000	95	0.0417525768280029	0.0425374507904052
30000	96	0.0415437221527099	0.0425925254821777
30000	97	0.0412595272064209	0.0422620773315429
30000	98	0.041588544845581	0.0421688556671142
30000	99	0.0422637462615966	0.0424640178680419
