sample size	iteration	time
50000	0	0.529376745223999
50000	1	0.22014451026916504
50000	2	0.22089004516601562
50000	3	0.21866226196289062
50000	4	0.21361041069030762
50000	5	0.21622872352600098
50000	6	0.21478652954101562
50000	7	0.2165520191192627
50000	8	0.21939682960510254
50000	9	0.22078347206115723
50000	10	0.2149515151977539
50000	11	0.21666860580444336
50000	12	0.21793293952941895
50000	13	0.21059250831604004
50000	14	0.21741747856140137
50000	15	0.228712797164917
50000	16	0.2143082618713379
50000	17	0.21934843063354492
50000	18	0.2158353328704834
50000	19	0.21949291229248047
50000	20	0.21401548385620117
50000	21	0.22434473037719727
50000	22	0.2121288776397705
50000	23	0.2229771614074707
50000	24	0.21464872360229492
50000	25	0.21688032150268555
50000	26	0.21779990196228027
50000	27	0.21053290367126465
50000	28	0.2117776870727539
50000	29	0.2103590965270996
50000	30	0.21695780754089355
50000	31	0.22240233421325684
50000	32	0.21660423278808594
50000	33	0.23380494117736816
50000	34	0.2120368480682373
50000	35	0.21080851554870605
50000	36	0.2236957550048828
50000	37	0.21628999710083008
50000	38	0.21362948417663574
50000	39	0.2286853790283203
50000	40	0.21460437774658203
50000	41	0.21366024017333984
50000	42	0.21079754829406738
50000	43	0.21155142784118652
50000	44	0.21601223945617676
50000	45	0.21274876594543457
50000	46	0.2115635871887207
50000	47	0.21941304206848145
50000	48	0.21203351020812988
50000	49	0.2088334560394287
50000	50	0.21696710586547852
50000	51	0.22265243530273438
50000	52	0.23242568969726562
50000	53	0.21531367301940918
50000	54	0.2322525978088379
50000	55	0.21199750900268555
50000	56	0.22259020805358887
50000	57	0.21083879470825195
50000	58	0.20700931549072266
50000	59	0.21339654922485352
50000	60	0.20764565467834473
50000	61	0.20954537391662598
50000	62	0.21790575981140137
50000	63	0.21159601211547852
50000	64	0.21071219444274902
50000	65	0.2136845588684082
50000	66	0.20891904830932617
50000	67	0.2097642421722412
50000	68	0.21523547172546387
50000	69	0.2126326560974121
50000	70	0.21526050567626953
50000	71	0.21114826202392578
50000	72	0.21098566055297852
50000	73	0.22170639038085938
50000	74	0.21267366409301758
50000	75	0.22395610809326172
50000	76	0.2136237621307373
50000	77	0.21034717559814453
50000	78	0.21779346466064453
50000	79	0.2095785140991211
50000	80	0.22596979141235352
50000	81	0.22129440307617188
50000	82	0.20967888832092285
50000	83	0.21119928359985352
50000	84	0.21559476852416992
50000	85	0.2196502685546875
50000	86	0.21729683876037598
50000	87	0.21534037590026855
50000	88	0.22341585159301758
50000	89	0.21102118492126465
50000	90	0.211930513381958
50000	91	0.2207014560699463
50000	92	0.2216196060180664
50000	93	0.22074484825134277
50000	94	0.21271586418151855
50000	95	0.21416425704956055
50000	96	0.21766877174377441
50000	97	0.21445274353027344
50000	98	0.2292330265045166
50000	99	0.2158830165863037
55000	0	0.37538671493530273
55000	1	0.2350788116455078
55000	2	0.23647260665893555
55000	3	0.2377490997314453
55000	4	0.2301044464111328
55000	5	0.2608966827392578
55000	6	0.2345120906829834
55000	7	0.23191142082214355
55000	8	0.24321365356445312
55000	9	0.23555350303649902
55000	10	0.2452390193939209
55000	11	0.23513221740722656
55000	12	0.23136472702026367
55000	13	0.23848414421081543
55000	14	0.2294013500213623
55000	15	0.23157978057861328
55000	16	0.23197031021118164
55000	17	0.23751354217529297
55000	18	0.24057555198669434
55000	19	0.23078250885009766
55000	20	0.24206161499023438
55000	21	0.23578858375549316
55000	22	0.23240971565246582
55000	23	0.24601435661315918
55000	24	0.24424290657043457
55000	25	0.25313448905944824
55000	26	0.2383279800415039
55000	27	0.2329552173614502
55000	28	0.24147319793701172
55000	29	0.24588704109191895
55000	30	0.22926902770996094
55000	31	0.23887324333190918
55000	32	0.2339944839477539
55000	33	0.2425222396850586
55000	34	0.23147130012512207
55000	35	0.23021435737609863
55000	36	0.24412846565246582
55000	37	0.23656892776489258
55000	38	0.24084997177124023
55000	39	0.24846649169921875
55000	40	0.2379770278930664
55000	41	0.24381613731384277
55000	42	0.2312324047088623
55000	43	0.23090386390686035
55000	44	0.24097537994384766
55000	45	0.23328423500061035
55000	46	0.23396086692810059
55000	47	0.24255108833312988
55000	48	0.24050426483154297
55000	49	0.2383277416229248
55000	50	0.23779988288879395
55000	51	0.23632359504699707
55000	52	0.23929381370544434
55000	53	0.23728299140930176
55000	54	0.23780035972595215
55000	55	0.24765348434448242
55000	56	0.2496788501739502
55000	57	0.23260045051574707
55000	58	0.24289679527282715
55000	59	0.25077223777770996
55000	60	0.23813128471374512
55000	61	0.2433309555053711
55000	62	0.2347731590270996
55000	63	0.2410600185394287
55000	64	0.24236750602722168
55000	65	0.24276137351989746
55000	66	0.24567437171936035
55000	67	0.236222505569458
55000	68	0.23662114143371582
55000	69	0.23217988014221191
55000	70	0.24293136596679688
55000	71	0.23578333854675293
55000	72	0.23891878128051758
55000	73	0.23426151275634766
55000	74	0.23688173294067383
55000	75	0.2336575984954834
55000	76	0.240462064743042
55000	77	0.24258756637573242
55000	78	0.23221278190612793
55000	79	0.2376868724822998
55000	80	0.23591113090515137
55000	81	0.24228334426879883
55000	82	0.23349666595458984
55000	83	0.23192453384399414
55000	84	0.2372279167175293
55000	85	0.23839688301086426
55000	86	0.23981046676635742
55000	87	0.2380383014678955
55000	88	0.23546218872070312
55000	89	0.23735594749450684
55000	90	0.23642969131469727
55000	91	0.23393678665161133
55000	92	0.23110270500183105
55000	93	0.23192262649536133
55000	94	0.23226523399353027
55000	95	0.24500155448913574
55000	96	0.24210238456726074
55000	97	0.23380494117736816
55000	98	0.23232579231262207
55000	99	0.2286992073059082
40000	0	0.3004295825958252
40000	1	0.1655895709991455
40000	2	0.17435479164123535
40000	3	0.16967320442199707
40000	4	0.1833493709564209
40000	5	0.1697683334350586
40000	6	0.1654524803161621
40000	7	0.1670985221862793
40000	8	0.18197321891784668
40000	9	0.17003655433654785
40000	10	0.17615699768066406
40000	11	0.1826488971710205
40000	12	0.16759610176086426
40000	13	0.16583847999572754
40000	14	0.1721172332763672
40000	15	0.16476845741271973
40000	16	0.17844581604003906
40000	17	0.1677417755126953
40000	18	0.16876769065856934
40000	19	0.17036914825439453
40000	20	0.17528748512268066
40000	21	0.16424846649169922
40000	22	0.17112493515014648
40000	23	0.16311144828796387
40000	24	0.17066621780395508
40000	25	0.16727828979492188
40000	26	0.1690382957458496
40000	27	0.16582393646240234
40000	28	0.17003178596496582
40000	29	0.16556119918823242
40000	30	0.16924476623535156
40000	31	0.17329692840576172
40000	32	0.17432570457458496
40000	33	0.1746983528137207
40000	34	0.19258618354797363
40000	35	0.19191551208496094
40000	36	0.1634049415588379
40000	37	0.16836881637573242
40000	38	0.17454242706298828
40000	39	0.16984915733337402
40000	40	0.16806364059448242
40000	41	0.17014861106872559
40000	42	0.16593408584594727
40000	43	0.17140507698059082
40000	44	0.17087054252624512
40000	45	0.17094039916992188
40000	46	0.18044829368591309
40000	47	0.1673583984375
40000	48	0.17081975936889648
40000	49	0.16809773445129395
40000	50	0.17806315422058105
40000	51	0.16514849662780762
40000	52	0.1664435863494873
40000	53	0.20795774459838867
40000	54	0.17316055297851562
40000	55	0.1648118495941162
40000	56	0.17453527450561523
40000	57	0.16739988327026367
40000	58	0.16245722770690918
40000	59	0.16530585289001465
40000	60	0.17644333839416504
40000	61	0.17556476593017578
40000	62	0.18806171417236328
40000	63	0.16684842109680176
40000	64	0.16680145263671875
40000	65	0.16596460342407227
40000	66	0.1773359775543213
40000	67	0.17241811752319336
40000	68	0.16783905029296875
40000	69	0.1790781021118164
40000	70	0.17452287673950195
40000	71	0.16847562789916992
40000	72	0.16953825950622559
40000	73	0.16708970069885254
40000	74	0.17450976371765137
40000	75	0.16864442825317383
40000	76	0.1812429428100586
40000	77	0.16474199295043945
40000	78	0.16573524475097656
40000	79	0.16687750816345215
40000	80	0.16950678825378418
40000	81	0.16948819160461426
40000	82	0.17322206497192383
40000	83	0.16520142555236816
40000	84	0.17708683013916016
40000	85	0.1659383773803711
40000	86	0.17995500564575195
40000	87	0.16785788536071777
40000	88	0.17707443237304688
40000	89	0.17330646514892578
40000	90	0.1687912940979004
40000	91	0.16322803497314453
40000	92	0.17407584190368652
40000	93	0.17966914176940918
40000	94	0.18291664123535156
40000	95	0.1645045280456543
40000	96	0.16499829292297363
40000	97	0.1673295497894287
40000	98	0.1912529468536377
40000	99	0.17904925346374512
65000	0	0.4234349727630615
65000	1	0.2926905155181885
65000	2	0.30051612854003906
65000	3	0.2937040328979492
65000	4	0.28982090950012207
65000	5	0.3048229217529297
65000	6	0.29259657859802246
65000	7	0.30060529708862305
65000	8	0.2996540069580078
65000	9	0.2870657444000244
65000	10	0.29152703285217285
65000	11	0.29944896697998047
65000	12	0.2935221195220947
65000	13	0.28615570068359375
65000	14	0.28708696365356445
65000	15	0.3034806251525879
65000	16	0.29036474227905273
65000	17	0.3053405284881592
65000	18	0.28617382049560547
65000	19	0.3026463985443115
65000	20	0.29106783866882324
65000	21	0.2881500720977783
65000	22	0.2869446277618408
65000	23	0.2924463748931885
65000	24	0.3043696880340576
65000	25	0.29793787002563477
65000	26	0.30662059783935547
65000	27	0.30200695991516113
65000	28	0.30067896842956543
65000	29	0.3021972179412842
65000	30	0.2936429977416992
65000	31	0.28734445571899414
65000	32	0.2890901565551758
65000	33	0.2999444007873535
65000	34	0.3022887706756592
65000	35	0.29357194900512695
65000	36	0.293689489364624
65000	37	0.29174256324768066
65000	38	0.29553651809692383
65000	39	0.293245792388916
65000	40	0.294539213180542
65000	41	0.29549074172973633
65000	42	0.3066585063934326
65000	43	0.2941856384277344
65000	44	0.31270599365234375
65000	45	0.29399967193603516
65000	46	0.2983689308166504
65000	47	0.28946399688720703
65000	48	0.29892420768737793
65000	49	0.29767322540283203
65000	50	0.30340576171875
65000	51	0.28975462913513184
65000	52	0.307415246963501
65000	53	0.3055911064147949
65000	54	0.29337286949157715
65000	55	0.29064011573791504
65000	56	0.29947996139526367
65000	57	0.30501317977905273
65000	58	0.2891106605529785
65000	59	0.2896006107330322
65000	60	0.30001354217529297
65000	61	0.2921934127807617
65000	62	0.292710542678833
65000	63	0.29473447799682617
65000	64	0.30207014083862305
65000	65	0.3003716468811035
65000	66	0.2917041778564453
65000	67	0.2980232238769531
65000	68	0.28725314140319824
65000	69	0.28272128105163574
65000	70	0.2949695587158203
65000	71	0.3141906261444092
65000	72	0.28785204887390137
65000	73	0.2908308506011963
65000	74	0.3126380443572998
65000	75	0.3014492988586426
65000	76	0.2905395030975342
65000	77	0.3045673370361328
65000	78	0.2942378520965576
65000	79	0.3270730972290039
65000	80	0.29422712326049805
65000	81	0.29356908798217773
65000	82	0.29434752464294434
65000	83	0.29271674156188965
65000	84	0.291536808013916
65000	85	0.30698513984680176
65000	86	0.29596924781799316
65000	87	0.2921717166900635
65000	88	0.30438971519470215
65000	89	0.3073594570159912
65000	90	0.29035186767578125
65000	91	0.298325777053833
65000	92	0.2891690731048584
65000	93	0.3072085380554199
65000	94	0.29271793365478516
65000	95	0.2948918342590332
65000	96	0.28963160514831543
65000	97	0.2966041564941406
65000	98	0.2883894443511963
65000	99	0.28760862350463867
45000	0	0.3274073600769043
45000	1	0.19539976119995117
45000	2	0.19638800621032715
45000	3	0.1953599452972412
45000	4	0.19466924667358398
45000	5	0.19298171997070312
45000	6	0.18726134300231934
45000	7	0.19660162925720215
45000	8	0.19824934005737305
45000	9	0.19476103782653809
45000	10	0.19336915016174316
45000	11	0.18867826461791992
45000	12	0.19292712211608887
45000	13	0.2084968090057373
45000	14	0.19211053848266602
45000	15	0.2066025733947754
45000	16	0.18994903564453125
45000	17	0.19025349617004395
45000	18	0.20592260360717773
45000	19	0.19181084632873535
45000	20	0.1887204647064209
45000	21	0.18434858322143555
45000	22	0.19085216522216797
45000	23	0.1893754005432129
45000	24	0.20856666564941406
45000	25	0.18793678283691406
45000	26	0.19221186637878418
45000	27	0.20575428009033203
45000	28	0.19344139099121094
45000	29	0.19095683097839355
45000	30	0.19065189361572266
45000	31	0.22001218795776367
45000	32	0.1888895034790039
45000	33	0.19646024703979492
45000	34	0.18815374374389648
45000	35	0.19157099723815918
45000	36	0.21047139167785645
45000	37	0.1943676471710205
45000	38	0.19466876983642578
45000	39	0.19592499732971191
45000	40	0.2121906280517578
45000	41	0.18962955474853516
45000	42	0.19035053253173828
45000	43	0.19271111488342285
45000	44	0.18963170051574707
45000	45	0.19235444068908691
45000	46	0.1942000389099121
45000	47	0.19752812385559082
45000	48	0.1874091625213623
45000	49	0.19680023193359375
45000	50	0.20371365547180176
45000	51	0.195875883102417
45000	52	0.19025659561157227
45000	53	0.19432377815246582
45000	54	0.2135016918182373
45000	55	0.18984317779541016
45000	56	0.1918189525604248
45000	57	0.19637274742126465
45000	58	0.1902027130126953
45000	59	0.19260501861572266
45000	60	0.19799184799194336
45000	61	0.19438576698303223
45000	62	0.22464537620544434
45000	63	0.19611763954162598
45000	64	0.2031409740447998
45000	65	0.20295500755310059
45000	66	0.18810772895812988
45000	67	0.18978142738342285
45000	68	0.19475555419921875
45000	69	0.19350862503051758
45000	70	0.19622278213500977
45000	71	0.1952965259552002
45000	72	0.19215011596679688
45000	73	0.2070906162261963
45000	74	0.21884679794311523
45000	75	0.1945648193359375
45000	76	0.18658208847045898
45000	77	0.19107508659362793
45000	78	0.18935632705688477
45000	79	0.19802069664001465
45000	80	0.19570374488830566
45000	81	0.19011521339416504
45000	82	0.19892454147338867
45000	83	0.1872420310974121
45000	84	0.18824458122253418
45000	85	0.1909804344177246
45000	86	0.18945884704589844
45000	87	0.19404220581054688
45000	88	0.1960465908050537
45000	89	0.20499181747436523
45000	90	0.1953413486480713
45000	91	0.1957540512084961
45000	92	0.19139456748962402
45000	93	0.19621896743774414
45000	94	0.18943405151367188
45000	95	0.1886591911315918
45000	96	0.2057344913482666
45000	97	0.19282293319702148
45000	98	0.19015288352966309
45000	99	0.19370150566101074
15000	0	0.2596547603607178
15000	1	0.08796334266662598
15000	2	0.0928339958190918
15000	3	0.09113144874572754
15000	4	0.10140013694763184
15000	5	0.08645915985107422
15000	6	0.08364677429199219
15000	7	0.08784961700439453
15000	8	0.10533905029296875
15000	9	0.103424072265625
15000	10	0.10183119773864746
15000	11	0.0853877067565918
15000	12	0.0927581787109375
15000	13	0.10250163078308105
15000	14	0.09878301620483398
15000	15	0.11866593360900879
15000	16	0.08917737007141113
15000	17	0.09057784080505371
15000	18	0.08723807334899902
15000	19	0.08795666694641113
15000	20	0.08270072937011719
15000	21	0.08339190483093262
15000	22	0.09898757934570312
15000	23	0.0850520133972168
15000	24	0.09274530410766602
15000	25	0.09815096855163574
15000	26	0.10573077201843262
15000	27	0.10683202743530273
15000	28	0.09300422668457031
15000	29	0.09620356559753418
15000	30	0.08692455291748047
15000	31	0.08537888526916504
15000	32	0.08710932731628418
15000	33	0.09504199028015137
15000	34	0.08363461494445801
15000	35	0.08821582794189453
15000	36	0.08819413185119629
15000	37	0.09967565536499023
15000	38	0.08896660804748535
15000	39	0.09234809875488281
15000	40	0.08156108856201172
15000	41	0.09723448753356934
15000	42	0.09968781471252441
15000	43	0.11381888389587402
15000	44	0.09350895881652832
15000	45	0.0905754566192627
15000	46	0.0899496078491211
15000	47	0.09237551689147949
15000	48	0.0820164680480957
15000	49	0.10194587707519531
15000	50	0.11418008804321289
15000	51	0.08629870414733887
15000	52	0.08858585357666016
15000	53	0.09199190139770508
15000	54	0.08437466621398926
15000	55	0.08636713027954102
15000	56	0.09297847747802734
15000	57	0.10280275344848633
15000	58	0.09832072257995605
15000	59	0.09240055084228516
15000	60	0.09644460678100586
15000	61	0.09024524688720703
15000	62	0.08430099487304688
15000	63	0.10284566879272461
15000	64	0.08975982666015625
15000	65	0.11519598960876465
15000	66	0.09073185920715332
15000	67	0.08505010604858398
15000	68	0.08706307411193848
15000	69	0.08786249160766602
15000	70	0.12772893905639648
15000	71	0.09749007225036621
15000	72	0.12675189971923828
15000	73	0.0887916088104248
15000	74	0.09729695320129395
15000	75	0.08739948272705078
15000	76	0.09401154518127441
15000	77	0.08592820167541504
15000	78	0.08658576011657715
15000	79	0.08924198150634766
15000	80	0.08344817161560059
15000	81	0.11143922805786133
15000	82	0.09453225135803223
15000	83	0.1136314868927002
15000	84	0.0832071304321289
15000	85	0.09540295600891113
15000	86	0.08502793312072754
15000	87	0.11288857460021973
15000	88	0.09128451347351074
15000	89	0.09199762344360352
15000	90	0.1043853759765625
15000	91	0.08621501922607422
15000	92	0.10886192321777344
15000	93	0.08422660827636719
15000	94	0.0863192081451416
15000	95	0.0971231460571289
15000	96	0.10849404335021973
15000	97	0.08803319931030273
15000	98	0.09533119201660156
15000	99	0.0925898551940918
70000	0	0.6348929405212402
70000	1	0.33080625534057617
70000	2	0.3240482807159424
70000	3	0.31583404541015625
70000	4	0.3176281452178955
70000	5	0.33371996879577637
70000	6	0.33399081230163574
70000	7	0.32023096084594727
70000	8	0.32448887825012207
70000	9	0.32218384742736816
70000	10	0.3215954303741455
70000	11	0.3137381076812744
70000	12	0.32836174964904785
70000	13	0.313629150390625
70000	14	0.3206629753112793
70000	15	0.3254706859588623
70000	16	0.3300211429595947
70000	17	0.31936144828796387
70000	18	0.3171072006225586
70000	19	0.32918763160705566
70000	20	0.32410097122192383
70000	21	0.325824499130249
70000	22	0.31279945373535156
70000	23	0.31620240211486816
70000	24	0.31205129623413086
70000	25	0.34220218658447266
70000	26	0.3176236152648926
70000	27	0.3300466537475586
70000	28	0.3175492286682129
70000	29	0.3260228633880615
70000	30	0.31586718559265137
70000	31	0.3227381706237793
70000	32	0.33484506607055664
70000	33	0.31587767601013184
70000	34	0.32025861740112305
70000	35	0.30850839614868164
70000	36	0.3145437240600586
70000	37	0.3219797611236572
70000	38	0.3136436939239502
70000	39	0.32347822189331055
70000	40	0.32171010971069336
70000	41	0.3157203197479248
70000	42	0.31881117820739746
70000	43	0.3228025436401367
70000	44	0.32041406631469727
70000	45	0.32471227645874023
70000	46	0.32424020767211914
70000	47	0.3251159191131592
70000	48	0.3150193691253662
70000	49	0.31937146186828613
70000	50	0.33587098121643066
70000	51	0.3148362636566162
70000	52	0.31780529022216797
70000	53	0.3339684009552002
70000	54	0.32196950912475586
70000	55	0.3279118537902832
70000	56	0.3256802558898926
70000	57	0.3221170902252197
70000	58	0.32747983932495117
70000	59	0.3330349922180176
70000	60	0.32034754753112793
70000	61	0.3164839744567871
70000	62	0.31441187858581543
70000	63	0.3334836959838867
70000	64	0.3213529586791992
70000	65	0.31331825256347656
70000	66	0.31836843490600586
70000	67	0.32439088821411133
70000	68	0.32407379150390625
70000	69	0.3222072124481201
70000	70	0.3257327079772949
70000	71	0.3275315761566162
70000	72	0.31699466705322266
70000	73	0.3279867172241211
70000	74	0.3149106502532959
70000	75	0.33031606674194336
70000	76	0.3288991451263428
70000	77	0.3145756721496582
70000	78	0.31757164001464844
70000	79	0.33019328117370605
70000	80	0.31815361976623535
70000	81	0.3265047073364258
70000	82	0.32257747650146484
70000	83	0.3175368309020996
70000	84	0.32294178009033203
70000	85	0.32878565788269043
70000	86	0.3243553638458252
70000	87	0.32483673095703125
70000	88	0.30933189392089844
70000	89	0.3213002681732178
70000	90	0.31749463081359863
70000	91	0.32439541816711426
70000	92	0.33634066581726074
70000	93	0.31746959686279297
70000	94	0.32779502868652344
70000	95	0.33380556106567383
70000	96	0.3145608901977539
70000	97	0.3138916492462158
70000	98	0.3219897747039795
70000	99	0.32433605194091797
100000	0	0.610130786895752
100000	1	0.464432954788208
100000	2	0.4684929847717285
100000	3	0.4601173400878906
100000	4	0.4844841957092285
100000	5	0.46646666526794434
100000	6	0.45120739936828613
100000	7	0.46198105812072754
100000	8	0.45595574378967285
100000	9	0.4546337127685547
100000	10	0.4574902057647705
100000	11	0.4566686153411865
100000	12	0.4555802345275879
100000	13	0.4470207691192627
100000	14	0.45679664611816406
100000	15	0.45313477516174316
100000	16	0.4671647548675537
100000	17	0.46138763427734375
100000	18	0.46227526664733887
100000	19	0.46068763732910156
100000	20	0.46570277214050293
100000	21	0.46517395973205566
100000	22	0.45656609535217285
100000	23	0.45883846282958984
100000	24	0.44895005226135254
100000	25	0.4600944519042969
100000	26	0.4481172561645508
100000	27	0.46354222297668457
100000	28	0.4637007713317871
100000	29	0.4707508087158203
100000	30	0.4577023983001709
100000	31	0.4595026969909668
100000	32	0.45642757415771484
100000	33	0.45575618743896484
100000	34	0.46764492988586426
100000	35	0.46526145935058594
100000	36	0.46010518074035645
100000	37	0.4580705165863037
100000	38	0.4730997085571289
100000	39	0.4575984477996826
100000	40	0.45887327194213867
100000	41	0.44516539573669434
100000	42	0.4589416980743408
100000	43	0.4713006019592285
100000	44	0.4586608409881592
100000	45	0.4615919589996338
100000	46	0.4619591236114502
100000	47	0.4707767963409424
100000	48	0.45960378646850586
100000	49	0.4733881950378418
100000	50	0.4463376998901367
100000	51	0.45816683769226074
100000	52	0.4619104862213135
100000	53	0.45245361328125
100000	54	0.4710376262664795
100000	55	0.4566609859466553
100000	56	0.4582972526550293
100000	57	0.46222519874572754
100000	58	0.46393370628356934
100000	59	0.45472168922424316
100000	60	0.4585835933685303
100000	61	0.4857966899871826
100000	62	0.47022199630737305
100000	63	0.4589247703552246
100000	64	0.45123720169067383
100000	65	0.4578549861907959
100000	66	0.46056628227233887
100000	67	0.4685542583465576
100000	68	0.459824800491333
100000	69	0.4599649906158447
100000	70	0.46445274353027344
100000	71	0.4473721981048584
100000	72	0.4780874252319336
100000	73	0.45792484283447266
100000	74	0.46224236488342285
100000	75	0.45954132080078125
100000	76	0.45501708984375
100000	77	0.4529449939727783
100000	78	0.4874556064605713
100000	79	0.46815943717956543
100000	80	0.4550290107727051
100000	81	0.47342395782470703
100000	82	0.45622968673706055
100000	83	0.4600350856781006
100000	84	0.465165376663208
100000	85	0.4773268699645996
100000	86	0.4653511047363281
100000	87	0.4692718982696533
100000	88	0.4598560333251953
100000	89	0.46808671951293945
100000	90	0.4579448699951172
100000	91	0.4589071273803711
100000	92	0.46098804473876953
100000	93	0.4604203701019287
100000	94	0.4641871452331543
100000	95	0.45902156829833984
100000	96	0.4621140956878662
100000	97	0.45903992652893066
100000	98	0.47142624855041504
100000	99	0.5402474403381348
80000	0	0.49601006507873535
80000	1	0.3699657917022705
80000	2	0.3650624752044678
80000	3	0.35340332984924316
80000	4	0.3615458011627197
80000	5	0.3667762279510498
80000	6	0.36956262588500977
80000	7	0.35227227210998535
80000	8	0.36086392402648926
80000	9	0.38033390045166016
80000	10	0.3679516315460205
80000	11	0.3721961975097656
80000	12	0.3573722839355469
80000	13	0.37186694145202637
80000	14	0.37859106063842773
80000	15	0.36751699447631836
80000	16	0.36557865142822266
80000	17	0.369304895401001
80000	18	0.36019420623779297
80000	19	0.366107702255249
80000	20	0.3802633285522461
80000	21	0.3635261058807373
80000	22	0.3670625686645508
80000	23	0.36289024353027344
80000	24	0.36077332496643066
80000	25	0.3749504089355469
80000	26	0.3624441623687744
80000	27	0.36160993576049805
80000	28	0.3717317581176758
80000	29	0.36440277099609375
80000	30	0.3641538619995117
80000	31	0.35985755920410156
80000	32	0.3618481159210205
80000	33	0.36826539039611816
80000	34	0.3597593307495117
80000	35	0.36704277992248535
80000	36	0.3596982955932617
80000	37	0.36153388023376465
80000	38	0.357891321182251
80000	39	0.3630704879760742
80000	40	0.3703742027282715
80000	41	0.3564443588256836
80000	42	0.3913116455078125
80000	43	0.36090803146362305
80000	44	0.36346006393432617
80000	45	0.36722707748413086
80000	46	0.37345242500305176
80000	47	0.3690049648284912
80000	48	0.37029552459716797
80000	49	0.3667011260986328
80000	50	0.36029577255249023
80000	51	0.3675878047943115
80000	52	0.3669590950012207
80000	53	0.3621542453765869
80000	54	0.36113429069519043
80000	55	0.3618767261505127
80000	56	0.37670016288757324
80000	57	0.35896873474121094
80000	58	0.36846113204956055
80000	59	0.3661971092224121
80000	60	0.36655473709106445
80000	61	0.3665347099304199
80000	62	0.36698007583618164
80000	63	0.369518518447876
80000	64	0.36899399757385254
80000	65	0.3664085865020752
80000	66	0.3640151023864746
80000	67	0.3644988536834717
80000	68	0.3517129421234131
80000	69	0.3695693016052246
80000	70	0.37050795555114746
80000	71	0.35755062103271484
80000	72	0.3613259792327881
80000	73	0.37427520751953125
80000	74	0.3636493682861328
80000	75	0.36685919761657715
80000	76	0.39077019691467285
80000	77	0.35024356842041016
80000	78	0.35817813873291016
80000	79	0.36124491691589355
80000	80	0.36783647537231445
80000	81	0.3538212776184082
80000	82	0.3718240261077881
80000	83	0.3643686771392822
80000	84	0.3610818386077881
80000	85	0.35544610023498535
80000	86	0.3527798652648926
80000	87	0.3654327392578125
80000	88	0.3649282455444336
80000	89	0.36486124992370605
80000	90	0.3739159107208252
80000	91	0.3632535934448242
80000	92	0.36525774002075195
80000	93	0.36690759658813477
80000	94	0.35547804832458496
80000	95	0.3652057647705078
80000	96	0.36193275451660156
80000	97	0.3508584499359131
80000	98	0.3535573482513428
80000	99	0.3676142692565918
95000	0	0.5685739517211914
95000	1	0.4329800605773926
95000	2	0.44088244438171387
95000	3	0.43129682540893555
95000	4	0.4333508014678955
95000	5	0.43358898162841797
95000	6	0.4286341667175293
95000	7	0.42987966537475586
95000	8	0.42704176902770996
95000	9	0.4320039749145508
95000	10	0.4408395290374756
95000	11	0.45113563537597656
95000	12	0.4313161373138428
95000	13	0.42183542251586914
95000	14	0.4340789318084717
95000	15	0.43881988525390625
95000	16	0.4313793182373047
95000	17	0.44173693656921387
95000	18	0.42790722846984863
95000	19	0.4284675121307373
95000	20	0.4427344799041748
95000	21	0.4269554615020752
95000	22	0.44782352447509766
95000	23	0.42943644523620605
95000	24	0.44947147369384766
95000	25	0.4319474697113037
95000	26	0.4355483055114746
95000	27	0.4428749084472656
95000	28	0.43314409255981445
95000	29	0.4295539855957031
95000	30	0.441497802734375
95000	31	0.4359257221221924
95000	32	0.4385716915130615
95000	33	0.4300382137298584
95000	34	0.4371826648712158
95000	35	0.43460869789123535
95000	36	0.44001126289367676
95000	37	0.4350125789642334
95000	38	0.43911194801330566
95000	39	0.44286370277404785
95000	40	0.4455568790435791
95000	41	0.43952250480651855
95000	42	0.4392411708831787
95000	43	0.4355800151824951
95000	44	0.4263145923614502
95000	45	0.44540977478027344
95000	46	0.43085670471191406
95000	47	0.4273650646209717
95000	48	0.42622804641723633
95000	49	0.4442002773284912
95000	50	0.43550729751586914
95000	51	0.4361083507537842
95000	52	0.4365658760070801
95000	53	0.4366307258605957
95000	54	0.43430066108703613
95000	55	0.4481332302093506
95000	56	0.44156956672668457
95000	57	0.43447351455688477
95000	58	0.4274630546569824
95000	59	0.43686771392822266
95000	60	0.44292187690734863
95000	61	0.43752169609069824
95000	62	0.44037628173828125
95000	63	0.4306025505065918
95000	64	0.4442017078399658
95000	65	0.44556498527526855
95000	66	0.4247896671295166
95000	67	0.44783926010131836
95000	68	0.42180967330932617
95000	69	0.44429683685302734
95000	70	0.4380018711090088
95000	71	0.441558837890625
95000	72	0.4323296546936035
95000	73	0.4244403839111328
95000	74	0.43344688415527344
95000	75	0.4406900405883789
95000	76	0.43091320991516113
95000	77	0.43433713912963867
95000	78	0.436382532119751
95000	79	0.44376087188720703
95000	80	0.4313220977783203
95000	81	0.4441821575164795
95000	82	0.4385976791381836
95000	83	0.4372875690460205
95000	84	0.43699073791503906
95000	85	0.4363391399383545
95000	86	0.45619845390319824
95000	87	0.4323742389678955
95000	88	0.43524622917175293
95000	89	0.42366743087768555
95000	90	0.431537389755249
95000	91	0.43099427223205566
95000	92	0.4324491024017334
95000	93	0.44583964347839355
95000	94	0.42511773109436035
95000	95	0.43014979362487793
95000	96	0.4275777339935303
95000	97	0.43834614753723145
95000	98	0.4444730281829834
95000	99	0.444821834564209
25000	0	0.27407264709472656
25000	1	0.12062954902648926
25000	2	0.10853266716003418
25000	3	0.10884499549865723
25000	4	0.10387134552001953
25000	5	0.10610151290893555
25000	6	0.10718131065368652
25000	7	0.10849666595458984
25000	8	0.12352156639099121
25000	9	0.09973406791687012
25000	10	0.11500406265258789
25000	11	0.09922194480895996
25000	12	0.10244321823120117
25000	13	0.10043120384216309
25000	14	0.10378694534301758
25000	15	0.10966300964355469
25000	16	0.10660982131958008
25000	17	0.10572600364685059
25000	18	0.11192011833190918
25000	19	0.10380148887634277
25000	20	0.10692191123962402
25000	21	0.10526609420776367
25000	22	0.11105060577392578
25000	23	0.10185956954956055
25000	24	0.10738587379455566
25000	25	0.10340642929077148
25000	26	0.10373544692993164
25000	27	0.1097712516784668
25000	28	0.12211179733276367
25000	29	0.10514497756958008
25000	30	0.11188173294067383
25000	31	0.11630010604858398
25000	32	0.10367345809936523
25000	33	0.10385584831237793
25000	34	0.10981082916259766
25000	35	0.10120725631713867
25000	36	0.10777974128723145
25000	37	0.10476803779602051
25000	38	0.1096198558807373
25000	39	0.10862469673156738
25000	40	0.116973876953125
25000	41	0.10203337669372559
25000	42	0.12334585189819336
25000	43	0.10144972801208496
25000	44	0.10523700714111328
25000	45	0.10712647438049316
25000	46	0.10460209846496582
25000	47	0.11511802673339844
25000	48	0.10030913352966309
25000	49	0.10052037239074707
25000	50	0.10633492469787598
25000	51	0.1095128059387207
25000	52	0.11363625526428223
25000	53	0.11978793144226074
25000	54	0.09924888610839844
25000	55	0.11937165260314941
25000	56	0.11042356491088867
25000	57	0.11904168128967285
25000	58	0.09999442100524902
25000	59	0.10213017463684082
25000	60	0.10786056518554688
25000	61	0.10405755043029785
25000	62	0.10300755500793457
25000	63	0.10184550285339355
25000	64	0.10240364074707031
25000	65	0.10673975944519043
25000	66	0.10782170295715332
25000	67	0.10532736778259277
25000	68	0.10462665557861328
25000	69	0.12506985664367676
25000	70	0.10566520690917969
25000	71	0.11219048500061035
25000	72	0.10426640510559082
25000	73	0.10439848899841309
25000	74	0.1045844554901123
25000	75	0.11011004447937012
25000	76	0.11170768737792969
25000	77	0.10118436813354492
25000	78	0.10520267486572266
25000	79	0.10499858856201172
25000	80	0.11243128776550293
25000	81	0.11825275421142578
25000	82	0.11010885238647461
25000	83	0.10563135147094727
25000	84	0.11347007751464844
25000	85	0.10270929336547852
25000	86	0.1149139404296875
25000	87	0.10863161087036133
25000	88	0.11308670043945312
25000	89	0.10143899917602539
25000	90	0.1195993423461914
25000	91	0.1092994213104248
25000	92	0.11325502395629883
25000	93	0.11113214492797852
25000	94	0.10326623916625977
25000	95	0.1078348159790039
25000	96	0.11327862739562988
25000	97	0.10416197776794434
25000	98	0.10624885559082031
25000	99	0.11111664772033691
35000	0	0.30233168601989746
35000	1	0.15998268127441406
35000	2	0.1494274139404297
35000	3	0.15074443817138672
35000	4	0.14920377731323242
35000	5	0.15159988403320312
35000	6	0.14927029609680176
35000	7	0.1600174903869629
35000	8	0.16531062126159668
35000	9	0.153641939163208
35000	10	0.15309429168701172
35000	11	0.15446758270263672
35000	12	0.14941811561584473
35000	13	0.1448216438293457
35000	14	0.15765714645385742
35000	15	0.15087509155273438
35000	16	0.15085840225219727
35000	17	0.146073579788208
35000	18	0.1478118896484375
35000	19	0.14878439903259277
35000	20	0.1499309539794922
35000	21	0.15539932250976562
35000	22	0.15529656410217285
35000	23	0.1475837230682373
35000	24	0.1442887783050537
35000	25	0.15377044677734375
35000	26	0.14537334442138672
35000	27	0.1558387279510498
35000	28	0.15535616874694824
35000	29	0.16066765785217285
35000	30	0.15349030494689941
35000	31	0.1477644443511963
35000	32	0.1523575782775879
35000	33	0.14966607093811035
35000	34	0.15817022323608398
35000	35	0.15099787712097168
35000	36	0.15091633796691895
35000	37	0.14634108543395996
35000	38	0.1519608497619629
35000	39	0.14861273765563965
35000	40	0.1540679931640625
35000	41	0.14592647552490234
35000	42	0.1599433422088623
35000	43	0.15100669860839844
35000	44	0.15136241912841797
35000	45	0.15349602699279785
35000	46	0.1508321762084961
35000	47	0.14643239974975586
35000	48	0.1567368507385254
35000	49	0.14543867111206055
35000	50	0.14853525161743164
35000	51	0.15740489959716797
35000	52	0.15470051765441895
35000	53	0.15706825256347656
35000	54	0.15247511863708496
35000	55	0.14993810653686523
35000	56	0.15334486961364746
35000	57	0.1485881805419922
35000	58	0.15240931510925293
35000	59	0.1466841697692871
35000	60	0.15122222900390625
35000	61	0.14897465705871582
35000	62	0.15288472175598145
35000	63	0.14972901344299316
35000	64	0.14546513557434082
35000	65	0.14993500709533691
35000	66	0.15325307846069336
35000	67	0.14826083183288574
35000	68	0.15014338493347168
35000	69	0.15847182273864746
35000	70	0.14754772186279297
35000	71	0.15474581718444824
35000	72	0.14898896217346191
35000	73	0.14893317222595215
35000	74	0.151137113571167
35000	75	0.14930987358093262
35000	76	0.15355372428894043
35000	77	0.14760565757751465
35000	78	0.148360013961792
35000	79	0.14740610122680664
35000	80	0.15305781364440918
35000	81	0.14678311347961426
35000	82	0.15441417694091797
35000	83	0.16031575202941895
35000	84	0.15415453910827637
35000	85	0.15457439422607422
35000	86	0.1570296287536621
35000	87	0.15825819969177246
35000	88	0.15087604522705078
35000	89	0.15609383583068848
35000	90	0.15199613571166992
35000	91	0.14908504486083984
35000	92	0.14795875549316406
35000	93	0.15742087364196777
35000	94	0.14830875396728516
35000	95	0.14914727210998535
35000	96	0.1464982032775879
35000	97	0.1631927490234375
35000	98	0.1458439826965332
35000	99	0.15668082237243652
85000	0	0.5372507572174072
85000	1	0.3940565586090088
85000	2	0.387437105178833
85000	3	0.40303659439086914
85000	4	0.3918030261993408
85000	5	0.39331841468811035
85000	6	0.3927128314971924
85000	7	0.3914072513580322
85000	8	0.38499927520751953
85000	9	0.38091564178466797
85000	10	0.3841552734375
85000	11	0.40196800231933594
85000	12	0.37909770011901855
85000	13	0.3853025436401367
85000	14	0.45185208320617676
85000	15	0.3837394714355469
85000	16	0.4092373847961426
85000	17	0.3982222080230713
85000	18	0.39251017570495605
85000	19	0.39506030082702637
85000	20	0.39531874656677246
85000	21	0.3911113739013672
85000	22	0.38297295570373535
85000	23	0.38617658615112305
85000	24	0.4035496711730957
85000	25	0.39611339569091797
85000	26	0.39525294303894043
85000	27	0.38430237770080566
85000	28	0.3967266082763672
85000	29	0.3993039131164551
85000	30	0.3957865238189697
85000	31	0.39309144020080566
85000	32	0.3861069679260254
85000	33	0.37740659713745117
85000	34	0.39797234535217285
85000	35	0.39219045639038086
85000	36	0.3818831443786621
85000	37	0.39729762077331543
85000	38	0.38929224014282227
85000	39	0.39217543601989746
85000	40	0.3800852298736572
85000	41	0.37996792793273926
85000	42	0.38629889488220215
85000	43	0.39896655082702637
85000	44	0.38360023498535156
85000	45	0.39180922508239746
85000	46	0.3893723487854004
85000	47	0.3969907760620117
85000	48	0.3796885013580322
85000	49	0.38311123847961426
85000	50	0.3950660228729248
85000	51	0.38292956352233887
85000	52	0.39662837982177734
85000	53	0.3854553699493408
85000	54	0.37915587425231934
85000	55	0.39793944358825684
85000	56	0.3769509792327881
85000	57	0.38950085639953613
85000	58	0.3940434455871582
85000	59	0.39967775344848633
85000	60	0.38992977142333984
85000	61	0.3930068016052246
85000	62	0.39908623695373535
85000	63	0.3922078609466553
85000	64	0.3895087242126465
85000	65	0.38643479347229004
85000	66	0.39745450019836426
85000	67	0.3899257183074951
85000	68	0.38236021995544434
85000	69	0.38376688957214355
85000	70	0.3847777843475342
85000	71	0.3934159278869629
85000	72	0.3861501216888428
85000	73	0.3938016891479492
85000	74	0.4080538749694824
85000	75	0.38459134101867676
85000	76	0.3924884796142578
85000	77	0.37596750259399414
85000	78	0.38208770751953125
85000	79	0.3915395736694336
85000	80	0.39737582206726074
85000	81	0.392214298248291
85000	82	0.3960225582122803
85000	83	0.3831758499145508
85000	84	0.39971113204956055
85000	85	0.39133787155151367
85000	86	0.39284205436706543
85000	87	0.39298009872436523
85000	88	0.39678263664245605
85000	89	0.4057579040527344
85000	90	0.39907360076904297
85000	91	0.3798840045928955
85000	92	0.39375877380371094
85000	93	0.3900132179260254
85000	94	0.3940732479095459
85000	95	0.38080358505249023
85000	96	0.38608288764953613
85000	97	0.3854050636291504
85000	98	0.3851759433746338
85000	99	0.3950326442718506
75000	0	0.5025899410247803
75000	1	0.34082698822021484
75000	2	0.3477671146392822
75000	3	0.34371447563171387
75000	4	0.34496188163757324
75000	5	0.35317349433898926
75000	6	0.33591294288635254
75000	7	0.33475661277770996
75000	8	0.33760809898376465
75000	9	0.34243154525756836
75000	10	0.3398294448852539
75000	11	0.34409666061401367
75000	12	0.3543703556060791
75000	13	0.3374977111816406
75000	14	0.3321237564086914
75000	15	0.3467695713043213
75000	16	0.3430824279785156
75000	17	0.340648889541626
75000	18	0.3597390651702881
75000	19	0.34430956840515137
75000	20	0.34490489959716797
75000	21	0.34865760803222656
75000	22	0.3333582878112793
75000	23	0.34600090980529785
75000	24	0.34903788566589355
75000	25	0.3352775573730469
75000	26	0.33623242378234863
75000	27	0.3497192859649658
75000	28	0.37835216522216797
75000	29	0.3486757278442383
75000	30	0.3379216194152832
75000	31	0.33733177185058594
75000	32	0.34159374237060547
75000	33	0.403104305267334
75000	34	0.34340596199035645
75000	35	0.35759997367858887
75000	36	0.34627652168273926
75000	37	0.3355119228363037
75000	38	0.34404540061950684
75000	39	0.34991884231567383
75000	40	0.350156307220459
75000	41	0.350355863571167
75000	42	0.349017858505249
75000	43	0.35155272483825684
75000	44	0.3565647602081299
75000	45	0.3398475646972656
75000	46	0.3499457836151123
75000	47	0.3608675003051758
75000	48	0.34937334060668945
75000	49	0.36186909675598145
75000	50	0.3408944606781006
75000	51	0.3507378101348877
75000	52	0.33063769340515137
75000	53	0.3430962562561035
75000	54	0.33991122245788574
75000	55	0.3488144874572754
75000	56	0.3495779037475586
75000	57	0.34131407737731934
75000	58	0.3423595428466797
75000	59	0.3488612174987793
75000	60	0.34234142303466797
75000	61	0.3286464214324951
75000	62	0.35358524322509766
75000	63	0.33980584144592285
75000	64	0.34398460388183594
75000	65	0.34802675247192383
75000	66	0.34275364875793457
75000	67	0.3447895050048828
75000	68	0.3396036624908447
75000	69	0.3311600685119629
75000	70	0.35271549224853516
75000	71	0.35775327682495117
75000	72	0.34357142448425293
75000	73	0.3297131061553955
75000	74	0.3440558910369873
75000	75	0.3428826332092285
75000	76	0.3411521911621094
75000	77	0.34906697273254395
75000	78	0.3353424072265625
75000	79	0.345684289932251
75000	80	0.3328568935394287
75000	81	0.3382377624511719
75000	82	0.3391764163970947
75000	83	0.3409245014190674
75000	84	0.3640410900115967
75000	85	0.33373165130615234
75000	86	0.3477756977081299
75000	87	0.3322608470916748
75000	88	0.34064531326293945
75000	89	0.3491363525390625
75000	90	0.3406493663787842
75000	91	0.3488469123840332
75000	92	0.3326590061187744
75000	93	0.3445284366607666
75000	94	0.34407782554626465
75000	95	0.3457014560699463
75000	96	0.34081220626831055
75000	97	0.3491363525390625
75000	98	0.3392031192779541
75000	99	0.35651469230651855
10000	0	0.2581963539123535
10000	1	0.10352516174316406
10000	2	0.09194183349609375
10000	3	0.0980844497680664
10000	4	0.09219646453857422
10000	5	0.09414911270141602
10000	6	0.09192514419555664
10000	7	0.08570051193237305
10000	8	0.09481191635131836
10000	9	0.0857844352722168
10000	10	0.09393310546875
10000	11	0.08970212936401367
10000	12	0.10092997550964355
10000	13	0.1013941764831543
10000	14	0.12387800216674805
10000	15	0.10830187797546387
10000	16	0.10710859298706055
10000	17	0.09685492515563965
10000	18	0.10921669006347656
10000	19	0.09883761405944824
10000	20	0.09388279914855957
10000	21	0.08593583106994629
10000	22	0.1199493408203125
10000	23	0.09175825119018555
10000	24	0.08773231506347656
10000	25	0.11394500732421875
10000	26	0.09201169013977051
10000	27	0.10592079162597656
10000	28	0.09303641319274902
10000	29	0.09833121299743652
10000	30	0.10073637962341309
10000	31	0.10764861106872559
10000	32	0.10598874092102051
10000	33	0.09265828132629395
10000	34	0.09857678413391113
10000	35	0.10108470916748047
10000	36	0.08537960052490234
10000	37	0.09194159507751465
10000	38	0.08878898620605469
10000	39	0.09738588333129883
10000	40	0.10648226737976074
10000	41	0.11713123321533203
10000	42	0.11366128921508789
10000	43	0.10045790672302246
10000	44	0.10564184188842773
10000	45	0.1271209716796875
10000	46	0.08892369270324707
10000	47	0.10377955436706543
10000	48	0.09511280059814453
10000	49	0.10038304328918457
10000	50	0.09155535697937012
10000	51	0.09561562538146973
10000	52	0.09493756294250488
10000	53	0.10256743431091309
10000	54	0.10074472427368164
10000	55	0.09299349784851074
10000	56	0.10177922248840332
10000	57	0.09502124786376953
10000	58	0.0988764762878418
10000	59	0.08971190452575684
10000	60	0.09022331237792969
10000	61	0.10245990753173828
10000	62	0.12082791328430176
10000	63	0.09457111358642578
10000	64	0.10056304931640625
10000	65	0.10891103744506836
10000	66	0.11925435066223145
10000	67	0.08971428871154785
10000	68	0.0941927433013916
10000	69	0.09284234046936035
10000	70	0.10617971420288086
10000	71	0.08596158027648926
10000	72	0.09615206718444824
10000	73	0.11309289932250977
10000	74	0.09313702583312988
10000	75	0.09522652626037598
10000	76	0.11535143852233887
10000	77	0.09139347076416016
10000	78	0.10083675384521484
10000	79	0.10716891288757324
10000	80	0.12023544311523438
10000	81	0.12423920631408691
10000	82	0.08626556396484375
10000	83	0.08977770805358887
10000	84	0.0924692153930664
10000	85	0.09363174438476562
10000	86	0.1120600700378418
10000	87	0.09834074974060059
10000	88	0.09777164459228516
10000	89	0.09907364845275879
10000	90	0.12272787094116211
10000	91	0.0946815013885498
10000	92	0.09937191009521484
10000	93	0.10670709609985352
10000	94	0.09547638893127441
10000	95	0.08942508697509766
10000	96	0.09784460067749023
10000	97	0.09726452827453613
10000	98	0.09853196144104004
10000	99	0.09407281875610352
1000	0	0.6508674621582031
1000	1	0.09453487396240234
1000	2	0.10976648330688477
1000	3	0.10004734992980957
1000	4	0.0889735221862793
1000	5	0.09490227699279785
1000	6	0.08902931213378906
1000	7	0.08685016632080078
1000	8	0.09770083427429199
1000	9	0.08807706832885742
1000	10	0.09974122047424316
1000	11	0.09909439086914062
1000	12	0.09704232215881348
1000	13	0.08666729927062988
1000	14	0.09254670143127441
1000	15	0.10076618194580078
1000	16	0.09098553657531738
1000	17	0.09307146072387695
1000	18	0.10146069526672363
1000	19	0.09305381774902344
1000	20	0.11094021797180176
1000	21	0.10598492622375488
1000	22	0.09986448287963867
1000	23	0.10379576683044434
1000	24	0.09419512748718262
1000	25	0.09234285354614258
1000	26	0.0917513370513916
1000	27	0.09477877616882324
1000	28	0.0939180850982666
1000	29	0.09194517135620117
1000	30	0.0994873046875
1000	31	0.11077189445495605
1000	32	0.1075739860534668
1000	33	0.09471917152404785
1000	34	0.08685708045959473
1000	35	0.09132170677185059
1000	36	0.10617780685424805
1000	37	0.09544253349304199
1000	38	0.08350872993469238
1000	39	0.09078049659729004
1000	40	0.09234333038330078
1000	41	0.08991503715515137
1000	42	0.10103464126586914
1000	43	0.08400654792785645
1000	44	0.09361791610717773
1000	45	0.09997177124023438
1000	46	0.10582327842712402
1000	47	0.09914064407348633
1000	48	0.10284900665283203
1000	49	0.13285422325134277
1000	50	0.10639762878417969
1000	51	0.09191417694091797
1000	52	0.10003423690795898
1000	53	0.09083008766174316
1000	54	0.10096192359924316
1000	55	0.08533382415771484
1000	56	0.11417365074157715
1000	57	0.09232616424560547
1000	58	0.09301638603210449
1000	59	0.09361863136291504
1000	60	0.12118148803710938
1000	61	0.08536791801452637
1000	62	0.09620928764343262
1000	63	0.08728766441345215
1000	64	0.11580371856689453
1000	65	0.09863662719726562
1000	66	0.08871936798095703
1000	67	0.09204530715942383
1000	68	0.09343814849853516
1000	69	0.09039473533630371
1000	70	0.09086203575134277
1000	71	0.09999322891235352
1000	72	0.10498929023742676
1000	73	0.0951838493347168
1000	74	0.08757686614990234
1000	75	0.10625982284545898
1000	76	0.08585977554321289
1000	77	0.10000491142272949
1000	78	0.0929105281829834
1000	79	0.08603215217590332
1000	80	0.09540486335754395
1000	81	0.09097099304199219
1000	82	0.09479260444641113
1000	83	0.09454512596130371
1000	84	0.10407304763793945
1000	85	0.09950017929077148
1000	86	0.0998830795288086
1000	87	0.09342217445373535
1000	88	0.0905141830444336
1000	89	0.105682373046875
1000	90	0.09778833389282227
1000	91	0.09540009498596191
1000	92	0.09326744079589844
1000	93	0.09414815902709961
1000	94	0.11821913719177246
1000	95	0.10190582275390625
1000	96	0.08692002296447754
1000	97	0.09843254089355469
1000	98	0.08965206146240234
1000	99	0.09398198127746582
90000	0	0.5598311424255371
90000	1	0.40234947204589844
90000	2	0.4125480651855469
90000	3	0.40965867042541504
90000	4	0.4215219020843506
90000	5	0.4248771667480469
90000	6	0.4004349708557129
90000	7	0.4184250831604004
90000	8	0.42247438430786133
90000	9	0.41680073738098145
90000	10	0.4237813949584961
90000	11	0.40264463424682617
90000	12	0.41156625747680664
90000	13	0.40447020530700684
90000	14	0.4120597839355469
90000	15	0.42531299591064453
90000	16	0.41377902030944824
90000	17	0.42416977882385254
90000	18	0.4099392890930176
90000	19	0.4143393039703369
90000	20	0.4062929153442383
90000	21	0.40746355056762695
90000	22	0.4353477954864502
90000	23	0.40059518814086914
90000	24	0.40711212158203125
90000	25	0.4107480049133301
90000	26	0.40534400939941406
90000	27	0.42087507247924805
90000	28	0.4047813415527344
90000	29	0.4154794216156006
90000	30	0.40944838523864746
90000	31	0.4167211055755615
90000	32	0.4200258255004883
90000	33	0.40004539489746094
90000	34	0.4214601516723633
90000	35	0.42076611518859863
90000	36	0.41326141357421875
90000	37	0.4182581901550293
90000	38	0.4205021858215332
90000	39	0.41938281059265137
90000	40	0.41945314407348633
90000	41	0.4124293327331543
90000	42	0.4067258834838867
90000	43	0.40359020233154297
90000	44	0.42983436584472656
90000	45	0.4266698360443115
90000	46	0.4069490432739258
90000	47	0.4141194820404053
90000	48	0.4033017158508301
90000	49	0.47026896476745605
90000	50	0.41797351837158203
90000	51	0.4167485237121582
90000	52	0.4103717803955078
90000	53	0.41268420219421387
90000	54	0.4201054573059082
90000	55	0.412992000579834
90000	56	0.4098999500274658
90000	57	0.416644811630249
90000	58	0.4156460762023926
90000	59	0.42211055755615234
90000	60	0.41324901580810547
90000	61	0.426288366317749
90000	62	0.43019580841064453
90000	63	0.40679192543029785
90000	64	0.4280402660369873
90000	65	0.4086740016937256
90000	66	0.41197752952575684
90000	67	0.40856242179870605
90000	68	0.407423734664917
90000	69	0.4153459072113037
90000	70	0.4061710834503174
90000	71	0.41620922088623047
90000	72	0.43016576766967773
90000	73	0.41779279708862305
90000	74	0.4242677688598633
90000	75	0.4079766273498535
90000	76	0.4054865837097168
90000	77	0.42238831520080566
90000	78	0.41826748847961426
90000	79	0.4181082248687744
90000	80	0.40720653533935547
90000	81	0.4208190441131592
90000	82	0.4138457775115967
90000	83	0.40814709663391113
90000	84	0.41561317443847656
90000	85	0.4142317771911621
90000	86	0.40304040908813477
90000	87	0.41254353523254395
90000	88	0.4035782814025879
90000	89	0.41040706634521484
90000	90	0.42187976837158203
90000	91	0.4119229316711426
90000	92	0.43607091903686523
90000	93	0.402446985244751
90000	94	0.4190073013305664
90000	95	0.4063141345977783
90000	96	0.43401646614074707
90000	97	0.4080345630645752
90000	98	0.41758227348327637
90000	99	0.41115546226501465
60000	0	0.4183976650238037
60000	1	0.276613712310791
60000	2	0.2754628658294678
60000	3	0.27768850326538086
60000	4	0.2753877639770508
60000	5	0.27466869354248047
60000	6	0.27945375442504883
60000	7	0.2714369297027588
60000	8	0.29588890075683594
60000	9	0.2729051113128662
60000	10	0.27621030807495117
60000	11	0.27512025833129883
60000	12	0.26438283920288086
60000	13	0.2757909297943115
60000	14	0.27269887924194336
60000	15	0.27308154106140137
60000	16	0.28090810775756836
60000	17	0.27567458152770996
60000	18	0.27384376525878906
60000	19	0.26299190521240234
60000	20	0.28122854232788086
60000	21	0.2882101535797119
60000	22	0.2809758186340332
60000	23	0.2673020362854004
60000	24	0.2751295566558838
60000	25	0.2774233818054199
60000	26	0.27476024627685547
60000	27	0.27135181427001953
60000	28	0.2710542678833008
60000	29	0.2828972339630127
60000	30	0.2725350856781006
60000	31	0.2684805393218994
60000	32	0.2737455368041992
60000	33	0.28482484817504883
60000	34	0.28251147270202637
60000	35	0.2748234272003174
60000	36	0.2805304527282715
60000	37	0.2871677875518799
60000	38	0.27248263359069824
60000	39	0.27286601066589355
60000	40	0.28131985664367676
60000	41	0.28011035919189453
60000	42	0.2745473384857178
60000	43	0.2743813991546631
60000	44	0.2660660743713379
60000	45	0.272960901260376
60000	46	0.27155542373657227
60000	47	0.28154635429382324
60000	48	0.2817351818084717
60000	49	0.2679131031036377
60000	50	0.26888322830200195
60000	51	0.28550171852111816
60000	52	0.2707500457763672
60000	53	0.26990437507629395
60000	54	0.2843499183654785
60000	55	0.30123281478881836
60000	56	0.27197861671447754
60000	57	0.2738037109375
60000	58	0.2854270935058594
60000	59	0.2689509391784668
60000	60	0.27165699005126953
60000	61	0.2744929790496826
60000	62	0.2865934371948242
60000	63	0.27886271476745605
60000	64	0.2750213146209717
60000	65	0.28545713424682617
60000	66	0.2715110778808594
60000	67	0.2760763168334961
60000	68	0.27202439308166504
60000	69	0.27129650115966797
60000	70	0.26741886138916016
60000	71	0.2710075378417969
60000	72	0.2747609615325928
60000	73	0.2957439422607422
60000	74	0.2789754867553711
60000	75	0.2772786617279053
60000	76	0.2793867588043213
60000	77	0.28168654441833496
60000	78	0.2735278606414795
60000	79	0.2721121311187744
60000	80	0.2955296039581299
60000	81	0.2648625373840332
60000	82	0.2795701026916504
60000	83	0.26831626892089844
60000	84	0.2787654399871826
60000	85	0.26778173446655273
60000	86	0.2904045581817627
60000	87	0.2812163829803467
60000	88	0.27655792236328125
60000	89	0.275454044342041
60000	90	0.2817525863647461
60000	91	0.2703399658203125
60000	92	0.2878997325897217
60000	93	0.2869224548339844
60000	94	0.2748401165008545
60000	95	0.2822544574737549
60000	96	0.2826082706451416
60000	97	0.2818937301635742
60000	98	0.27591729164123535
60000	99	0.2851238250732422
5000	0	0.26076817512512207
5000	1	0.09825563430786133
5000	2	0.10029125213623047
5000	3	0.1045541763305664
5000	4	0.09993720054626465
5000	5	0.1008305549621582
5000	6	0.09448981285095215
5000	7	0.09451818466186523
5000	8	0.10143208503723145
5000	9	0.08863091468811035
5000	10	0.09524893760681152
5000	11	0.09229469299316406
5000	12	0.1011819839477539
5000	13	0.09882378578186035
5000	14	0.10324716567993164
5000	15	0.09451055526733398
5000	16	0.10406827926635742
5000	17	0.1092841625213623
5000	18	0.09623193740844727
5000	19	0.09542346000671387
5000	20	0.10533666610717773
5000	21	0.11512041091918945
5000	22	0.08948564529418945
5000	23	0.11699914932250977
5000	24	0.10580110549926758
5000	25	0.12241458892822266
5000	26	0.09735107421875
5000	27	0.09852433204650879
5000	28	0.09286880493164062
5000	29	0.11125969886779785
5000	30	0.6707394123077393
5000	31	0.10501837730407715
5000	32	0.08897566795349121
5000	33	0.09688901901245117
5000	34	0.09185123443603516
5000	35	0.09589576721191406
5000	36	0.10566234588623047
5000	37	0.09791946411132812
5000	38	0.09931778907775879
5000	39	0.10113883018493652
5000	40	0.09607577323913574
5000	41	0.09726285934448242
5000	42	0.10585236549377441
5000	43	0.11249041557312012
5000	44	0.12129902839660645
5000	45	0.10161495208740234
5000	46	0.10226321220397949
5000	47	0.09006667137145996
5000	48	0.09143495559692383
5000	49	0.09254193305969238
5000	50	0.09565591812133789
5000	51	0.09887051582336426
5000	52	0.09698891639709473
5000	53	0.10306978225708008
5000	54	0.08972358703613281
5000	55	0.10106444358825684
5000	56	0.10469937324523926
5000	57	0.09441494941711426
5000	58	0.09055829048156738
5000	59	0.11635375022888184
5000	60	0.1379244327545166
5000	61	0.10178875923156738
5000	62	0.09708571434020996
5000	63	0.09110450744628906
5000	64	0.09598994255065918
5000	65	0.10922718048095703
5000	66	0.10090994834899902
5000	67	0.09532999992370605
5000	68	0.09787392616271973
5000	69	0.0972597599029541
5000	70	0.09719038009643555
5000	71	0.09060859680175781
5000	72	0.0991983413696289
5000	73	0.0917198657989502
5000	74	0.10010409355163574
5000	75	0.0932307243347168
5000	76	0.0910944938659668
5000	77	0.09968090057373047
5000	78	0.09664297103881836
5000	79	0.10170865058898926
5000	80	0.103271484375
5000	81	0.10613131523132324
5000	82	0.0903327465057373
5000	83	0.08910298347473145
5000	84	0.09366297721862793
5000	85	0.1018514633178711
5000	86	0.10423946380615234
5000	87	0.1314389705657959
5000	88	0.11774754524230957
5000	89	0.09499621391296387
5000	90	0.09118008613586426
5000	91	0.09679698944091797
5000	92	0.09653544425964355
5000	93	0.09779119491577148
5000	94	0.09815382957458496
5000	95	0.1056969165802002
5000	96	0.09431338310241699
5000	97	0.09502291679382324
5000	98	0.10657858848571777
5000	99	0.09916210174560547
